x,y,z,bx,by,bz
0.1443375672974064,0.0,-0.15,0.1182158489498893,0.3950961794253764,1021.3731750747348
0.1443375672974064,0.0,-0.075,0.0977546205264376,0.3954090671440251,1021.3422940896122
0.1443375672974064,0.0,0.0,0.0819507968387155,0.3921787006632351,1021.3129063210704
0.1443375672974064,0.0,0.0749999999999999,0.0694897405299232,0.3844060934442979,1021.2827332895672
0.1443375672974064,0.0,0.15,0.0544378614905238,0.3728950383164081,1021.2541715811732
0.1437883192771368,0.0125798478841955,-0.15,0.1156606665466491,0.3920271950032594,1021.3723847583442
0.1437883192771368,0.0125798478841955,-0.075,0.0948356664059198,0.3917476024072339,1021.3410728460362
0.1437883192771368,0.0125798478841955,0.0,0.0803037146075661,0.3888362483997656,1021.31170192614
0.1437883192771368,0.0125798478841955,0.0749999999999999,0.0675592777836504,0.3813436374665003,1021.2815971807064
0.1437883192771368,0.0125798478841955,0.15,0.0535248964589864,0.3696037292494811,1021.2524487249392
0.1421447553254071,0.0250639555300725,-0.15,0.1120421402853859,0.3885665238156901,1021.3712267483672
0.1421447553254071,0.0250639555300725,-0.075,0.0914490113690195,0.3886853014800054,1021.3399782505456
0.1421447553254071,0.0250639555300725,0.0,0.0775777460920877,0.3854912058292571,1021.3101892720262
0.1421447553254071,0.0250639555300725,0.0749999999999999,0.0659735601125205,0.3781890047095548,1021.2800412826252
0.1421447553254071,0.0250639555300725,0.15,0.0519945815190066,0.3662787039480745,1021.2509192533108
0.1394193839563013,0.0373573113403355,-0.15,0.1070381218252175,0.3858328393749966,1021.3703199450434
0.1394193839563013,0.0373573113403355,-0.075,0.087662911690737,0.3859288398161394,1021.3389258760112
0.1394193839563013,0.0373573113403355,0.0,0.0747296517540897,0.3826829336453714,1021.3090467387402
0.1394193839563013,0.0373573113403355,0.0749999999999999,0.0632803501990861,0.3750900131123816,1021.278625841604
0.1394193839563013,0.0373573113403355,0.15,0.0495228970562507,0.3630955973297263,1021.249010008376
0.1356329468915622,0.0493663554543373,-0.15,0.1013814965539983,0.3833994049999622,1021.3694103609528
0.1356329468915622,0.0493663554543373,-0.075,0.0829803435884623,0.3830648771136526,1021.3374419704732
0.1356329468915622,0.0493663554543373,0.0,0.0708784457633705,0.3797356412066131,1021.3075252010566
0.1356329468915622,0.0493663554543373,0.0749999999999999,0.0593123934268546,0.3718999245735116,1021.2771445741364
0.1356329468915622,0.0493663554543373,0.15,0.0465217011694554,0.36003757412093,1021.2472785400248
0.1308142612035659,0.0609996917951111,-0.15,0.0958411123275077,0.3820380811990876,1021.3688500893362
0.1308142612035659,0.0609996917951111,-0.075,0.07804392338565,0.381050052284373,1021.3361612500892
0.1308142612035659,0.0609996917951111,0.0,0.0661529310842562,0.3769641540357779,1021.3060732265632
0.1308142612035659,0.0609996917951111,0.0749999999999999,0.0558515838636397,0.3691760395832296,1021.2755595830948
0.1308142612035659,0.0609996917951111,0.15,0.0435637121987262,0.3569159274293292,1021.2458571034836
0.125,0.0721687836487032,-0.15,0.0897154928071008,0.3802237433390906,1021.368353853288
0.125,0.0721687836487032,-0.075,0.0723821302228361,0.3785864325053019,1021.335194923824
0.125,0.0721687836487032,0.0,0.0612166341432264,0.374862880812451,1021.30479898701
0.125,0.0721687836487032,0.0749999999999999,0.0513136669433263,0.3666795817624007,1021.2734938060516
0.125,0.0721687836487032,0.15,0.039964718446627,0.354033452876233,1021.2438781745468
0.1182344133193704,0.0827886274820256,-0.15,0.0821204048699309,0.3788065741401015,1021.367058783019
0.1182344133193704,0.0827886274820256,-0.075,0.0654058839899716,0.3768751782280324,1021.3337011312008
0.1182344133193704,0.0827886274820256,0.0,0.0551431533188344,0.3723418302878341,1021.3027666045216
0.1182344133193704,0.0827886274820256,0.0749999999999999,0.0458867365979381,0.364480252527936,1021.2715564985116
0.1182344133193704,0.0827886274820256,0.15,0.0354497117913075,0.3511890420486981,1021.2417151050472
0.1105689913614897,0.0927783998710698,-0.15,0.0746102094221252,0.3785182183041424,1021.3668319206926
0.1105689913614897,0.0927783998710698,-0.075,0.0589729367111684,0.3756066642388916,1021.3324980082836
0.1105689913614897,0.0927783998710698,0.0,0.0488075649236661,0.3707880782665623,1021.3013885796112
0.1105689913614897,0.0927783998710698,0.0749999999999999,0.0405054209681874,0.3626072011892717,1021.2698921644558
0.1105689913614897,0.0927783998710698,0.15,0.0303855444235578,0.3490050341242005,1021.2398522514565
0.1020620726159657,0.1020620726159657,-0.15,0.0668578358286973,0.3772734491724691,1021.365781465332
0.1020620726159657,0.1020620726159657,-0.075,0.0519411186592318,0.3748198729226983,1021.3316201569768
0.1020620726159657,0.1020620726159657,0.0,0.0424188708330266,0.3689597206463524,1021.3000446199976
0.1020620726159657,0.1020620726159657,0.0749999999999999,0.0341625247296391,0.3606032834345972,1021.2681373727476
0.1020620726159657,0.1020620726159657,0.15,0.0249358115840781,0.3470155205678202,1021.2379304404536
0.0927783998710699,0.1105689913614897,-0.15,0.0583681575653282,0.3773963879205222,1021.3650392091108
0.0927783998710699,0.1105689913614897,-0.075,0.0444937753389201,0.3734682900963451,1021.3301570073472
0.0927783998710699,0.1105689913614897,0.0,0.0352493469968557,0.3680818241154272,1021.298494491662
0.0927783998710699,0.1105689913614897,0.0749999999999999,0.0280416329425518,0.3586632650237022,1021.2665765137864
0.0927783998710699,0.1105689913614897,0.15,0.0191321809721032,0.3452656344617611,1021.2362660413546
0.0827886274820256,0.1182344133193704,-0.15,0.0497500937128945,0.3783001029290866,1021.3648449331062
0.0827886274820256,0.1182344133193704,-0.075,0.0366708626886587,0.3733055869023305,1021.3292033513748
0.0827886274820256,0.1182344133193704,0.0,0.0279768405414611,0.3667649621442388,1021.29696477653
0.0827886274820256,0.1182344133193704,0.0749999999999999,0.0206144217434235,0.3577842724850584,1021.2646996291556
0.0827886274820256,0.1182344133193704,0.15,0.0129691728932434,0.3434394359537936,1021.2345676439008
0.0721687836487032,0.1249999999999999,-0.15,0.0407906749327727,0.37851402734838,1021.3644989233056
0.0721687836487032,0.1249999999999999,-0.075,0.0287185258012086,0.3729530126175134,1021.3283308081852
0.0721687836487032,0.1249999999999999,0.0,0.0204259450596792,0.3665888286997441,1021.2955831952632
0.0721687836487032,0.1249999999999999,0.0749999999999999,0.0138697348450443,0.3564675077108257,1021.2634695530296
0.0721687836487032,0.1249999999999999,0.15,0.0069326037810953,0.3420066095445543,1021.233020071232
0.0609996917951111,0.1308142612035659,-0.15,0.0320167725915358,0.3794839676525363,1021.3644959122878
0.0609996917951111,0.1308142612035659,-0.075,0.0208158109161858,0.3729856352829854,1021.3278703229264
0.0609996917951111,0.1308142612035659,0.0,0.0127806624154253,0.3661441182456773,1021.2946337191936
0.0609996917951111,0.1308142612035659,0.0749999999999999,0.0062379068274243,0.355719460135605,1021.2620331131856
0.0609996917951111,0.1308142612035659,0.15,0.000164987052902,0.3408382863061526,1021.2315791105194
0.0493663554543373,0.1356329468915622,-0.15,0.023092165637721,0.380551189253925,1021.3650346821264
0.0493663554543373,0.1356329468915622,-0.075,0.0125575865039547,0.3738194456532507,1021.3273213964388
0.0493663554543373,0.1356329468915622,0.0,0.0046740179928516,0.3657770128417997,1021.2938030958758
0.0493663554543373,0.1356329468915622,0.0749999999999999,-0.0016469165844199,0.3556286597802163,1021.2608156247658
0.0493663554543373,0.1356329468915622,0.15,-0.00665419551566,0.3398704346267929,1021.230573361763
0.0373573113403355,0.1394193839563013,-0.15,0.0132375522813503,0.3815935129032804,1021.3647779227188
0.0373573113403355,0.1394193839563013,-0.075,0.003857860373502,0.3748475170235298,1021.3275502452444
0.0373573113403355,0.1394193839563013,0.0,-0.0034000908605541,0.3658389133256227,1021.2936601553248
0.0373573113403355,0.1394193839563013,0.0749999999999999,-0.0092089495199821,0.3554174348349322,1021.2599900223514
0.0373573113403355,0.1394193839563013,0.15,-0.0139442221317822,0.3392875927487097,1021.229365586222
0.0250639555300725,0.1421447553254071,-0.15,0.0039755582234262,0.383301687273938,1021.3653981302444
0.0250639555300725,0.1421447553254071,-0.075,-0.0048151745094309,0.3754669467771742,1021.3277760414888
0.0250639555300725,0.1421447553254071,0.0,-0.0119768188912967,0.3664961364440521,1021.2935442919388
0.0250639555300725,0.1421447553254071,0.0749999999999999,-0.016938210166784,0.3552940028125106,1021.2593745801498
0.0250639555300725,0.1421447553254071,0.15,-0.0212192797307774,0.3388381767000525,1021.2286529633786
0.0125798478841955,0.1437883192771368,-0.15,-0.0051084703459043,0.3854888262640609,1021.366262897522
0.0125798478841955,0.1437883192771368,-0.075,-0.0135567751034953,0.3763693442580356,1021.3283578168342
0.0125798478841955,0.1437883192771368,0.0,-0.0202155751468944,0.3678773147113071,1021.2936768044924
0.0125798478841955,0.1437883192771368,0.0749999999999999,-0.0247701731835341,0.3556126066872841,1021.2594101201614
0.0125798478841955,0.1437883192771368,0.15,-0.0286274107782069,0.338800660831382,1021.2283126120049
8.838126989374224e-18,0.1443375672974064,-0.15,-0.0144777408405996,0.3878102837114697,1021.3679713066592
8.838126989374224e-18,0.1443375672974064,-0.075,-0.0224562354293514,0.3776747618219471,1021.3298205123184
8.838126989374224e-18,0.1443375672974064,0.0,-0.0285772830921032,0.3681170845653443,1021.294419545393
8.838126989374224e-18,0.1443375672974064,0.0749999999999999,-0.033014991811161,0.3566422205677114,1021.259944373326
8.838126989374224e-18,0.1443375672974064,0.15,-0.0359092113228684,0.3388184300039877,1021.228691869354
-0.0125798478841955,0.1437883192771368,-0.15,-0.0229559879957253,0.3897544487623555,1021.3692605112676
-0.0125798478841955,0.1437883192771368,-0.075,-0.0309096005166284,0.3796869316815533,1021.3307165328212
-0.0125798478841955,0.1437883192771368,0.0,-0.0370901481928879,0.370272281002362,1021.2954465454924
-0.0125798478841955,0.1437883192771368,0.0749999999999999,-0.0411809179420668,0.357112910579253,1021.2606386396714
-0.0125798478841955,0.1437883192771368,0.15,-0.0445870602731001,0.3394364819224805,1021.2290456940958
-0.0250639555300725,0.1421447553254071,-0.15,-0.0315921301078926,0.3917893877721871,1021.3714119784196
-0.0250639555300725,0.1421447553254071,-0.075,-0.0393962227315138,0.3820672629935646,1021.3325159471124
-0.0250639555300725,0.1421447553254071,0.0,-0.0456041609422372,0.3712596535496158,1021.2971095937368
-0.0250639555300725,0.1421447553254071,0.0749999999999999,-0.0496407499764937,0.3582763810222,1021.2618603115938
-0.0250639555300725,0.1421447553254071,0.15,-0.0530225376126462,0.3400995045505685,1021.2301502483704
-0.0373573113403355,0.1394193839563013,-0.15,-0.0397964761245602,0.3942167461318422,1021.373843760814
-0.0373573113403355,0.1394193839563013,-0.075,-0.0477030790845005,0.384661279359795,1021.3347148055868
-0.0373573113403355,0.1394193839563013,0.0,-0.0535374713692349,0.3729184800722924,1021.2990711864694
-0.0373573113403355,0.1394193839563013,0.0749999999999999,-0.0579662601853768,0.3598456574341211,1021.2637888974816
-0.0373573113403355,0.1394193839563013,0.15,-0.0613598734446197,0.3411539313606312,1021.2316878867668
-0.0493663554543373,0.1356329468915622,-0.15,-0.0470296030721548,0.397181493918789,1021.3772024859716
-0.0493663554543373,0.1356329468915622,-0.075,-0.0556129179076857,0.3867438159172582,1021.336972159614
-0.0493663554543373,0.1356329468915622,0.0,-0.0616114850215935,0.375094703324258,1021.3011314861312
-0.0493663554543373,0.1356329468915622,0.0749999999999999,-0.0661056355194664,0.3614489580717779,1021.2660079614784
-0.0493663554543373,0.1356329468915622,0.15,-0.0693375714407487,0.3423113766203479,1021.2338083758032
-0.0609996917951111,0.1308142612035659,-0.15,-0.0546919093628033,0.3999525866709595,1021.3798256474712
-0.0609996917951111,0.1308142612035659,-0.075,-0.0634745064111584,0.3888855209920012,1021.3400826954158
-0.0609996917951111,0.1308142612035659,0.0,-0.0691744394365143,0.3775975763468509,1021.3039683627492
-0.0609996917951111,0.1308142612035659,0.0749999999999999,-0.0734550883759961,0.3628612264567089,1021.2687194664446
-0.0609996917951111,0.1308142612035659,0.15,-0.0773305349401152,0.3438139295990077,1021.2358373380282
-0.0721687836487031,0.125,-0.15,-0.0618852011211004,0.402614053816093,1021.3830551619344
-0.0721687836487031,0.125,-0.075,-0.0710857936493509,0.3916627970254381,1021.3431886738967
-0.0721687836487031,0.125,0.0,-0.0766069994475601,0.3800525979986013,1021.3070249006048
-0.0721687836487031,0.125,0.0749999999999999,-0.0804799966628199,0.3648442403950568,1021.271765421473
-0.0721687836487031,0.125,0.15,-0.0848119034105941,0.345468132150043,1021.2384296011944
-0.0827886274820256,0.1182344133193704,-0.15,-0.0681584513571658,0.4057891363700683,1021.3866905263428
-0.0827886274820256,0.1182344133193704,-0.075,-0.0779297080974394,0.3946312805879066,1021.3467927384085
-0.0827886274820256,0.1182344133193704,0.0,-0.0834330819053263,0.3820921510801099,1021.3106199620812
-0.0827886274820256,0.1182344133193704,0.0749999999999999,-0.0877082015413008,0.3672947724499252,1021.2747292110456
-0.0827886274820256,0.1182344133193704,0.15,-0.0923576353294794,0.3473298415930624,1021.2412679992548
-0.0927783998710699,0.1105689913614897,-0.15,-0.0739285140074413,0.4079996787787752,1021.3902282612124
-0.0927783998710699,0.1105689913614897,-0.075,-0.0840781737290888,0.3971900910617733,1021.3505590432176
-0.0927783998710699,0.1105689913614897,0.0,-0.0897323966989792,0.3851061021228693,1021.3144681622688
-0.0927783998710699,0.1105689913614897,0.0749999999999999,-0.0934685201330175,0.3691930878009286,1021.2784657411142
-0.0927783998710699,0.1105689913614897,0.15,-0.0990114521450829,0.3495206800413767,1021.2444013038426
-0.1020620726159657,0.1020620726159657,-0.15,-0.0788778416213831,0.4106875002783,1021.3943518830782
-0.1020620726159657,0.1020620726159657,-0.075,-0.0896756734064318,0.4006951149415076,1021.3549035809536
-0.1020620726159657,0.1020620726159657,0.0,-0.0952306943810857,0.3874976347570121,1021.3184328867974
-0.1020620726159657,0.1020620726159657,0.0749999999999999,-0.0996536866272915,0.3720264452563694,1021.2820064791352
-0.1020620726159657,0.1020620726159657,0.15,-0.1051657178658797,0.351564832825893,1021.2476419035788
-0.1105689913614897,0.0927783998710699,-0.15,-0.0835168134989629,0.4144148020316858,1021.3987978304932
-0.1105689913614897,0.0927783998710699,-0.075,-0.0946665461162066,0.4033731235258159,1021.3587115277268
-0.1105689913614897,0.0927783998710699,0.0,-0.100512999201134,0.3906416712702421,1021.3222710038953
-0.1105689913614897,0.0927783998710699,0.0749999999999999,-0.1046452327299553,0.3747881304923318,1021.285848060474
-0.1105689913614897,0.0927783998710699,0.15,-0.1107273826848013,0.35377341662382,1021.2512708673376
-0.1182344133193703,0.0827886274820257,-0.15,-0.087258352258984,0.4168371120246852,1021.4024031153878
-0.1182344133193703,0.0827886274820257,-0.075,-0.0991450968299919,0.4062546976824807,1021.3628659165408
-0.1182344133193703,0.0827886274820257,0.0,-0.1047652972316967,0.3933015313761887,1021.3261986541868
-0.1182344133193703,0.0827886274820257,0.0749999999999999,-0.1095430599106092,0.3772759690329376,1021.289685235918
-0.1182344133193703,0.0827886274820257,0.15,-0.1156469063982804,0.3560979648859802,1021.2549539987428
-0.125,0.0721687836487032,-0.15,-0.0896905337313698,0.4200239825579001,1021.4070213912256
-0.125,0.0721687836487032,-0.075,-0.1018871749789331,0.4092888107971004,1021.3672975340548
-0.125,0.0721687836487032,0.0,-0.1081172943111097,0.3967106281793798,1021.330804891691
-0.125,0.0721687836487032,0.0749999999999999,-0.1132631908862835,0.3799420740390488,1021.2938534103624
-0.125,0.0721687836487032,0.15,-0.120013461617119,0.3590027074714861,1021.2590254978307
-0.1308142612035659,0.0609996917951111,-0.15,-0.0922904377874523,0.4232329894547683,1021.4107412632144
-0.1308142612035659,0.0609996917951111,-0.075,-0.1046760559328881,0.412777132232385,1021.37114726733
-0.1308142612035659,0.0609996917951111,0.0,-0.1113721824137381,0.399476696405773,1021.3346395048532
-0.1308142612035659,0.0609996917951111,0.0749999999999999,-0.1166707683013008,0.3827548003565719,1021.2981735217924
-0.1308142612035659,0.0609996917951111,0.15,-0.1241266383985772,0.3618654172339838,1021.2629694882838
-0.1356329468915622,0.0493663554543373,-0.15,-0.0941045753313492,0.4256081933352307,1021.4143760483572
-0.1356329468915622,0.0493663554543373,-0.075,-0.106856104211309,0.4155147557382574,1021.3752105988376
-0.1356329468915622,0.0493663554543373,0.0,-0.11353947367388,0.4026879532783321,1021.3385951107743
-0.1356329468915622,0.0493663554543373,0.0749999999999999,-0.1198920577842901,0.3856445910197879,1021.301996106138
-0.1356329468915622,0.0493663554543373,0.15,-0.1276516663409317,0.36488920042448,1021.266375390928
-0.1394193839563013,0.0373573113403356,-0.15,-0.0943706808456789,0.4286740115107644,1021.4181575008968
-0.1394193839563013,0.0373573113403356,-0.075,-0.1078975665150625,0.418800111295493,1021.37932572778
-0.1394193839563013,0.0373573113403356,0.0,-0.1152267742752898,0.4058516690740595,1021.342515869772
-0.1394193839563013,0.0373573113403356,0.0749999999999999,-0.1212889731190697,0.3888530478479878,1021.305653463126
-0.1394193839563013,0.0373573113403356,0.15,-0.1298523878841789,0.3677751879758333,1021.270068844204
-0.1421447553254071,0.0250639555300726,-0.15,-0.0938057216683126,0.4316628424002066,1021.4216774495826
-0.1421447553254071,0.0250639555300726,-0.075,-0.1083935481250426,0.4216812354748075,1021.3828045024842
-0.1421447553254071,0.0250639555300726,0.0,-0.116515494682372,0.4086581021075338,1021.3459024622316
-0.1421447553254071,0.0250639555300726,0.0749999999999999,-0.1225979050876871,0.3918283439168107,1021.3091354467224
-0.1421447553254071,0.0250639555300726,0.15,-0.1312576990990545,0.3707179231409885,1021.2738722708796
-0.1437883192771368,0.0125798478841955,-0.15,-0.0931000628677168,0.4350104498696552,1021.42513279986
-0.1437883192771368,0.0125798478841955,-0.075,-0.1078066412769035,0.4245801539576387,1021.3860659023908
-0.1437883192771368,0.0125798478841955,0.0,-0.1164861516694087,0.4117913913740846,1021.3494516355933
-0.1437883192771368,0.0125798478841955,0.0749999999999999,-0.1236147596918469,0.3947252251129877,1021.312598423631
-0.1437883192771368,0.0125798478841955,0.15,-0.132244069609481,0.3737418989075617,1021.2771807155328
-0.1443375672974064,1.7676253978748448e-17,-0.15,-0.0918988628837363,0.4376116417772474,1021.4278482020416
-0.1443375672974064,1.7676253978748448e-17,-0.075,-0.1061742656594308,0.4278026125245025,1021.3891398374968
-0.1443375672974064,1.7676253978748448e-17,0.0,-0.1160662843261147,0.4147235534175436,1021.35243255026
-0.1443375672974064,1.7676253978748448e-17,0.0749999999999999,-0.1228594728552646,0.3974062172237144,1021.3154318489362
-0.1443375672974064,1.7676253978748448e-17,0.15,-0.132460847916445,0.3766807971330853,1021.2805192832928
-0.1437883192771368,-0.0125798478841955,-0.15,-0.0896435222953547,0.439793654217609,1021.4299469320072
-0.1437883192771368,-0.0125798478841955,-0.075,-0.1048502564641128,0.4305920862291619,1021.3914636860349
-0.1437883192771368,-0.0125798478841955,0.0,-0.1141503177333459,0.4174110777374586,1021.355130392969
-0.1437883192771368,-0.0125798478841955,0.0749999999999999,-0.122033855388082,0.4002291841406518,1021.3181922237712
-0.1437883192771368,-0.0125798478841955,0.15,-0.1317296538203048,0.3797366662937517,1021.2832839477315
-0.1421447553254072,-0.0250639555300725,-0.15,-0.0865732614306709,0.4424060339790013,1021.4318840858306
-0.1421447553254072,-0.0250639555300725,-0.075,-0.1023743780815286,0.4331662189149583,1021.3935273796544
-0.1421447553254072,-0.0250639555300725,0.0,-0.1123225514110174,0.4200346615132523,1021.357103505431
-0.1421447553254072,-0.0250639555300725,0.0749999999999999,-0.1198152333880056,0.4027198428940608,1021.3202520930308
-0.1421447553254072,-0.0250639555300725,0.15,-0.1307212895010495,0.3830199843541729,1021.2857156345852
-0.1394193839563013,-0.0373573113403355,-0.15,-0.0834741492344028,0.4444536638344672,1021.4329453863668
-0.1394193839563013,-0.0373573113403355,-0.075,-0.0987018622229601,0.4360976736423888,1021.3952462645118
-0.1394193839563013,-0.0373573113403355,0.0,-0.1088855715014759,0.4223766646386167,1021.3586402955548
-0.1394193839563013,-0.0373573113403355,0.0749999999999999,-0.1174191434036104,0.4053582001796473,1021.3220336190708
-0.1394193839563013,-0.0373573113403355,0.15,-0.1286936745017688,0.3857209111325133,1021.2876537441028
-0.1356329468915622,-0.0493663554543372,-0.15,-0.0787399737167919,0.4466636596481718,1021.43398864121
-0.1356329468915622,-0.0493663554543372,-0.075,-0.094939059835056,0.4387670605102859,1021.39638652041
-0.1356329468915622,-0.0493663554543372,0.0,-0.1048381523096315,0.4251686340167664,1021.360048259312
-0.1356329468915622,-0.0493663554543372,0.0749999999999999,-0.1140054281233019,0.4083954050105111,1021.323668924015
-0.1356329468915622,-0.0493663554543372,0.15,-0.1257903382623958,0.3888059421230272,1021.2891526378696
-0.1308142612035659,-0.0609996917951111,-0.15,-0.0738901864440937,0.448692173067445,1021.4346035485768
-0.1308142612035659,-0.0609996917951111,-0.075,-0.0900922841545894,0.4406739005644952,1021.3970281082578
-0.1308142612035659,-0.0609996917951111,0.0,-0.1011632768169851,0.4280110944039162,1021.3611838930568
-0.1308142612035659,-0.0609996917951111,0.0749999999999999,-0.1106309851417561,0.4112284450158145,1021.3249058155689
-0.1308142612035659,-0.0609996917951111,0.15,-0.1222078706449225,0.39171489832724,1021.2907357345202
-0.125,-0.0721687836487031,-0.15,-0.0687185203383321,0.4505492381228337,1021.4342886255412
-0.125,-0.0721687836487031,-0.075,-0.0853034504740282,0.4427086417085336,1021.3970547158718
-0.125,-0.0721687836487031,0.0,-0.0959705798187964,0.4302627986338168,1021.3609233362724
-0.125,-0.0721687836487031,0.0749999999999999,-0.1064402334093794,0.4138816188776189,1021.325543394704
-0.125,-0.0721687836487031,0.15,-0.1179338983784332,0.3948661392406067,1021.2914604220472
-0.1182344133193704,-0.0827886274820256,-0.15,-0.0622492847014222,0.4521118657200667,1021.4336757752862
-0.1182344133193704,-0.0827886274820256,-0.075,-0.0786765177692118,0.4448432276298917,1021.3966114215458
-0.1182344133193704,-0.0827886274820256,0.0,-0.0907008815033061,0.4327226910725826,1021.3608823420036
-0.1182344133193704,-0.0827886274820256,0.0749999999999999,-0.1009761327274509,0.4164393879675927,1021.3256214516008
-0.1182344133193704,-0.0827886274820256,0.15,-0.1126541250186438,0.397412415282629,1021.2918528217984
-0.1105689913614897,-0.0927783998710698,-0.15,-0.0555156095342966,0.4537392869739168,1021.4330259956772
-0.1105689913614897,-0.0927783998710698,-0.075,-0.0729187176594352,0.4466957269612164,1021.395844107692
-0.1105689913614897,-0.0927783998710698,0.0,-0.0848039693740226,0.4348051632739195,1021.3607131155512
-0.1105689913614897,-0.0927783998710698,0.0749999999999999,-0.0952718294590678,0.418287055153258,1021.3249528241282
-0.1105689913614897,-0.0927783998710698,0.15,-0.1075853024278889,0.4002189814823452,1021.292013284579
-0.1020620726159657,-0.1020620726159657,-0.15,-0.0487967264582121,0.4550555841997365,1021.4314919294892
-0.1020620726159657,-0.1020620726159657,-0.075,-0.0654716089370513,0.4483561254687305,1021.3947443556413
-0.1020620726159657,-0.1020620726159657,0.0,-0.0782914400300949,0.4366605500860118,1021.3597943185335
-0.1020620726159657,-0.1020620726159657,0.0749999999999999,-0.089334483223792,0.4209470292250238,1021.3245977423504
-0.1020620726159657,-0.1020620726159657,0.15,-0.1019382855154928,0.4029732244262339,1021.2922844013548
-0.0927783998710699,-0.1105689913614897,-0.15,-0.0411673825858271,0.4563282361905689,1021.4298288686914
-0.0927783998710699,-0.1105689913614897,-0.075,-0.0585664605114983,0.4496456384243097,1021.392888960714
-0.0927783998710699,-0.1105689913614897,0.0,-0.0716601588757886,0.438098734929604,1021.35851619761
-0.0927783998710699,-0.1105689913614897,0.0749999999999999,-0.0831017806451678,0.4231605967557181,1021.3241432955834
-0.0927783998710699,-0.1105689913614897,0.15,-0.0948463582853991,0.4055734858866601,1021.2916317639812
-0.0827886274820257,-0.1182344133193703,-0.15,-0.0332191536957703,0.4570313381037128,1021.4275338568956
-0.0827886274820257,-0.1182344133193703,-0.075,-0.0507555313468801,0.4509957313221026,1021.3911935257848
-0.0827886274820257,-0.1182344133193703,0.0,-0.0642317964506733,0.4396840439308574,1021.3570065759826
-0.0827886274820257,-0.1182344133193703,0.0749999999999999,-0.0759074933521067,0.4251026982088579,1021.322703038726
-0.0827886274820257,-0.1182344133193703,0.15,-0.0882798084569186,0.4074498913856255,1021.290815631943
-0.0721687836487032,-0.1249999999999999,-0.15,-0.0250318351997008,0.4576991580898397,1021.4252219791914
-0.0721687836487032,-0.1249999999999999,-0.075,-0.042769414908747,0.4520268361807513,1021.389129769668
-0.0721687836487032,-0.1249999999999999,0.0,-0.0566944603396008,0.4409906902462397,1021.3552774716431
-0.0721687836487032,-0.1249999999999999,0.0749999999999999,-0.068943835471096,0.426413754043354,1021.3211840006564
-0.0721687836487032,-0.1249999999999999,0.15,-0.0810535461616722,0.4101944148690012,1021.2900565129876
-0.0609996917951112,-0.1308142612035659,-0.15,-0.0164323529282137,0.4580481607314488,1021.4223881548116
-0.0609996917951112,-0.1308142612035659,-0.075,-0.0343282612075395,0.4525996658549745,1021.3865382134354
-0.0609996917951112,-0.1308142612035659,0.0,-0.0484668247966786,0.4418344676414177,1021.3529696688628
-0.0609996917951112,-0.1308142612035659,0.0749999999999999,-0.0609620408579797,0.4282838848367092,1021.3193851905844
-0.0609996917951112,-0.1308142612035659,0.15,-0.0732877852803016,0.4119616949698072,1021.2887515382364
-0.0493663554543373,-0.1356329468915622,-0.15,-0.0077694940735909,0.4579449703028788,1021.419407850983
-0.0493663554543373,-0.1356329468915622,-0.075,-0.0255887741847487,0.4529279162036646,1021.383896390652
-0.0493663554543373,-0.1356329468915622,0.0,-0.0403117920910324,0.4425089867498591,1021.3505627190588
-0.0493663554543373,-0.1356329468915622,0.0749999999999999,-0.0533184050238259,0.4287803563637261,1021.3174296980884
-0.0493663554543373,-0.1356329468915622,0.15,-0.0654014148117786,0.4135266769487485,1021.2874311758618
-0.0373573113403355,-0.1394193839563013,-0.15,0.0010709021556116,0.4576020908254318,1021.4163080239294
-0.0373573113403355,-0.1394193839563013,-0.075,-0.0168348057488834,0.4530756520216558,1021.3809473017157
-0.0373573113403355,-0.1394193839563013,0.0,-0.0321274258130088,0.4428160437140737,1021.3479600452098
-0.0373573113403355,-0.1394193839563013,0.0749999999999999,-0.045132148432938,0.4295701379382823,1021.3157225712158
-0.0373573113403355,-0.1394193839563013,0.15,-0.0572898196371113,0.4146797105525278,1021.2857204907248
-0.0250639555300725,-0.1421447553254071,-0.15,0.009864134916036,0.4570026623493718,1021.41318683578
-0.0250639555300725,-0.1421447553254071,-0.075,-0.0081324601351012,0.4525195537523944,1021.3780870509304
-0.0250639555300725,-0.1421447553254071,0.0,-0.0237501656313006,0.4430497467948197,1021.3453356847966
-0.0250639555300725,-0.1421447553254071,0.0749999999999999,-0.0369270161564419,0.4298638136728588,1021.3136045040152
-0.0250639555300725,-0.1421447553254071,0.15,-0.0489799870509511,0.4159124167455117,1021.2841334451864
-0.0125798478841955,-0.1437883192771368,-0.15,0.01886448414768,0.4562428727386001,1021.4098707337566
-0.0125798478841955,-0.1437883192771368,-0.075,0.0006969878434268,0.4521077940128533,1021.3753842196182
-0.0125798478841955,-0.1437883192771368,0.0,-0.0148823865186859,0.4433587022541121,1021.3430702675256
-0.0125798478841955,-0.1437883192771368,0.0749999999999999,-0.0286833984842314,0.4303066911699887,1021.3113231591732
-0.0125798478841955,-0.1437883192771368,0.15,-0.0408211948911751,0.4164965078594464,1021.2822101509048
-2.651438096812267e-17,-0.1443375672974064,-0.15,0.0276274320741737,0.4547630249034332,1021.4068644069488
-2.651438096812267e-17,-0.1443375672974064,-0.075,0.0095827625585016,0.4514701392457811,1021.3726575603216
-2.651438096812267e-17,-0.1443375672974064,0.0,-0.0063635627669803,0.4424580309855579,1021.3406036795336
-2.651438096812267e-17,-0.1443375672974064,0.0749999999999999,-0.0203212666113271,0.4301258225022292,1021.3094649646556
-2.651438096812267e-17,-0.1443375672974064,0.15,-0.0324035991343509,0.4170886203140647,1021.2807590872484
0.0125798478841955,-0.1437883192771368,-0.15,0.0378448899838746,0.4532535431517339,1021.403456566566
0.0125798478841955,-0.1437883192771368,-0.075,0.0190957954778896,0.449930903747767,1021.3696945361456
0.0125798478841955,-0.1437883192771368,0.0,0.002965048310984,0.4419710362768318,1021.338066504323
0.0125798478841955,-0.1437883192771368,0.0749999999999999,-0.0113603178578959,0.4296823702406157,1021.3069673031952
0.0125798478841955,-0.1437883192771368,0.15,-0.0239983638309879,0.4166074074801114,1021.278464780732
0.0250639555300724,-0.1421447553254072,-0.15,0.0476628980772824,0.4510286116549772,1021.4004433663222
0.0250639555300724,-0.1421447553254072,-0.075,0.0285084619676037,0.4481658448765538,1021.3667860749736
0.0250639555300724,-0.1421447553254072,0.0,0.0117930066962331,0.4402701226037999,1021.3354002399824
0.0250639555300724,-0.1421447553254072,0.0749999999999999,-0.0024278786478678,0.4286067070007714,1021.3049587446502
0.0250639555300724,-0.1421447553254072,0.15,-0.0154769620326499,0.4161217842875756,1021.2767027213384
0.0373573113403354,-0.1394193839563013,-0.15,0.0573658770466236,0.4486531940273841,1021.3974033626124
0.0373573113403354,-0.1394193839563013,-0.075,0.0377367304897519,0.4465459055331974,1021.3641902742394
0.0373573113403354,-0.1394193839563013,0.0,0.0208099153729185,0.4386364922661106,1021.333235621984
0.0373573113403354,-0.1394193839563013,0.0749999999999999,0.006250769335836,0.4276639071557565,1021.3029174364508
0.0373573113403354,-0.1394193839563013,0.15,-0.0073901550158988,0.4149632478995711,1021.2747231529194
0.0493663554543372,-0.1356329468915623,-0.15,0.0665433033779293,0.4460376490562615,1021.3945901471884
0.0493663554543372,-0.1356329468915623,-0.075,0.0464507922644981,0.4442248639894711,1021.3619123515168
0.0493663554543372,-0.1356329468915623,0.0,0.029571882478676,0.4369190614156332,1021.3312597515388
0.0493663554543372,-0.1356329468915623,0.0749999999999999,0.014514258435422,0.4262019428167016,1021.3006575644796
0.0493663554543372,-0.1356329468915623,0.15,0.0004738116434354,0.4138493233278629,1021.2730421261924
0.060999691795111,-0.130814261203566,-0.15,0.0752692935070859,0.4432072150000905,1021.3919808680594
0.060999691795111,-0.130814261203566,-0.075,0.0545711345147527,0.4417297699606191,1021.359625501907
0.060999691795111,-0.130814261203566,0.0,0.0377743709471378,0.434822965716113,1021.3293620591464
0.060999691795111,-0.130814261203566,0.0749999999999999,0.0227497038217405,0.4250051678682708,1021.2988962618156
0.060999691795111,-0.130814261203566,0.15,0.0080093802252976,0.4122792168900622,1021.2711980643136
0.0721687836487032,-0.1249999999999999,-0.15,0.0832864282298721,0.4399600485019296,1021.389617724835
0.0721687836487032,-0.1249999999999999,-0.075,0.0622430653592584,0.4390025113066758,1021.3576501690842
0.0721687836487032,-0.1249999999999999,0.0,0.0451813097263509,0.4325478085712448,1021.327697042472
0.0721687836487032,-0.1249999999999999,0.0749999999999999,0.0299463259410955,0.4224036329192258,1021.297281074348
0.0721687836487032,-0.1249999999999999,0.15,0.014985825025362,0.4104554075868089,1021.269613372703
0.0827886274820256,-0.1182344133193704,-0.15,0.0908090534095552,0.4364427934143854,1021.3871869550017
0.0827886274820256,-0.1182344133193704,-0.075,0.0694932532400763,0.4358378925754425,1021.3555651753268
0.0827886274820256,-0.1182344133193704,0.0,0.0524296923020817,0.4298038588033417,1021.3258363558278
0.0827886274820256,-0.1182344133193704,0.0749999999999999,0.0373383874021958,0.4203294959924291,1021.295735171926
0.0827886274820256,-0.1182344133193704,0.15,0.0217036535373796,0.4075980985924935,1021.2677991035392
0.0927783998710698,-0.1105689913614897,-0.15,0.097539758032668,0.4329550415105719,1021.3852467554066
0.0927783998710698,-0.1105689913614897,-0.075,0.0759215567607798,0.432386439057887,1021.3535781869364
0.0927783998710698,-0.1105689913614897,0.0,0.0588216992299821,0.4267818803091883,1021.3241826835888
0.0927783998710698,-0.1105689913614897,0.0749999999999999,0.0435642030973499,0.4175946695846789,1021.2944985065174
0.0927783998710698,-0.1105689913614897,0.15,0.0281735355209793,0.4055503309352509,1021.2663927910306
0.1020620726159657,-0.1020620726159657,-0.15,0.1034451689595822,0.4289813950555127,1021.38322561948
0.1020620726159657,-0.1020620726159657,-0.075,0.0821490401884273,0.4290417394839762,1021.352256604618
0.1020620726159657,-0.1020620726159657,0.0,0.0649393361990685,0.423916958880814,1021.322758889648
0.1020620726159657,-0.1020620726159657,0.0749999999999999,0.0497131215965334,0.4145634562254093,1021.2926949122058
0.1020620726159657,-0.1020620726159657,0.15,0.0331105801772655,0.4027204386202497,1021.2652009872038
0.1105689913614896,-0.0927783998710699,-0.15,0.1090156922114703,0.4250693112909242,1021.3816598106145
0.1105689913614896,-0.0927783998710699,-0.075,0.0866299869869687,0.4253890284591875,1021.350714184394
0.1105689913614896,-0.0927783998710699,0.0,0.0700093201440677,0.420656734030848,1021.3214627938552
0.1105689913614896,-0.0927783998710699,0.0749999999999999,0.055026827300053,0.4110682816827889,1021.2912329868628
0.1105689913614896,-0.0927783998710699,0.15,0.0383957141903592,0.3996812129102773,1021.2634823141832
0.1182344133193703,-0.0827886274820257,-0.15,0.113237500670427,0.4209752610262969,1021.3798165762428
0.1182344133193703,-0.0827886274820257,-0.075,0.0915098098403521,0.4216262241062201,1021.3493932655088
0.1182344133193703,-0.0827886274820257,0.0,0.0744452485456068,0.4172057470709185,1021.3199201211576
0.1182344133193703,-0.0827886274820257,0.0749999999999999,0.059362210145848,0.4083776994912004,1021.2905386809682
0.1182344133193703,-0.0827886274820257,0.15,0.0430837902025156,0.3965397058854548,1021.2622815095576
0.1249999999999999,-0.0721687836487032,-0.15,0.1163142194205122,0.4171010834909504,1021.3785548052136
0.1249999999999999,-0.0721687836487032,-0.075,0.0941566798505198,0.4176845297401886,1021.3483109598988
0.1249999999999999,-0.0721687836487032,0.0,0.0781874645544428,0.413430217295027,1021.3187583143036
0.1249999999999999,-0.0721687836487032,0.0749999999999999,0.0626572341224462,0.4049813328827169,1021.2895555148738
0.1249999999999999,-0.0721687836487032,0.15,0.0463184555802444,0.3936161672613152,1021.261257600941
0.1308142612035659,-0.0609996917951112,-0.15,0.119216504178192,0.4131148943967437,1021.3776140510502
0.1308142612035659,-0.0609996917951112,-0.075,0.0972170601488421,0.4139686306114582,1021.3473196787526
0.1308142612035659,-0.0609996917951112,0.0,0.0806266547514349,0.4099340018767461,1021.3183214580272
0.1308142612035659,-0.0609996917951112,0.0749999999999999,0.0658875777983695,0.4015077240861558,1021.288465173537
0.1308142612035659,-0.0609996917951112,0.15,0.0492605955604174,0.3900548976414666,1021.2603032137608
0.1356329468915622,-0.0493663554543374,-0.15,0.1209193029168821,0.4091678110299983,1021.3763522817824
0.1356329468915622,-0.0493663554543374,-0.075,0.0987467366159338,0.4105303201388539,1021.3462625428604
0.1356329468915622,-0.0493663554543374,0.0,0.083156662869583,0.4059375807700857,1021.316980581754
0.1356329468915622,-0.0493663554543374,0.0749999999999999,0.0685504288997383,0.3978876138143549,1021.287213467303
0.1356329468915622,-0.0493663554543374,0.15,0.0515513518754219,0.3867142281158867,1021.258876861792
0.1394193839563013,-0.0373573113403355,-0.15,0.1211799257901271,0.4052779958452492,1021.3752507406284
0.1394193839563013,-0.0373573113403355,-0.075,0.0998518771050853,0.4065032248125922,1021.3452345347446
0.1394193839563013,-0.0373573113403355,0.0,0.0838521055678518,0.402102222927173,1021.3158373789908
0.1394193839563013,-0.0373573113403355,0.0749999999999999,0.0697559668134513,0.3941127519775071,1021.2859785202678
0.1394193839563013,-0.0373573113403355,0.15,0.0531449336560609,0.3831879637606117,1021.2578979835196
0.1421447553254071,-0.0250639555300725,-0.15,0.1214940415907398,0.4018168096427425,1021.3746902053224
0.1421447553254071,-0.0250639555300725,-0.075,0.0995151882915871,0.4024115532772637,1021.3441256501058
0.1421447553254071,-0.0250639555300725,0.0,0.0836726328485878,0.3988474114395674,1021.315005035638
0.1421447553254071,-0.0250639555300725,0.0749999999999999,0.0705381184297632,0.390802505521801,1021.2849821526972
0.1421447553254071,-0.0250639555300725,0.15,0.0542154015245003,0.3800490611559607,1021.2568129326625
0.1437883192771368,-0.0125798478841955,-0.15,0.120243905094523,0.3980832041311672,1021.3737751229776
0.1437883192771368,-0.0125798478841955,-0.075,0.0988311870544028,0.398897391034987,1021.3431319962511
0.1437883192771368,-0.0125798478841955,0.0,0.0836050213288161,0.3954609754489817,1021.31413860731
0.1437883192771368,-0.0125798478841955,0.0749999999999999,0.0700446903481132,0.387721839673157,1021.2840552648678
0.1437883192771368,-0.0125798478841955,0.15,0.0548943226711969,0.3763439406605758,1021.2555310250012
0.2041241452319315,0.0,-0.15,0.1585448848945436,0.3870835558227328,1021.3617284007888
0.2041241452319315,0.0,-0.075,0.1353170038578305,0.3905110423636309,1021.3374631025072
0.2041241452319315,0.0,0.0,0.1223018067683798,0.3893333077829108,1021.312627821813
0.2041241452319315,0.0,0.0749999999999999,0.1102348283010865,0.3835791063986796,1021.2810235612628
0.2041241452319315,0.0,0.15,0.092585891594953,0.3737385109811817,1021.24835776237
0.2033473912325596,0.0177905914904198,-0.15,0.1544072345398914,0.3825888014311657,1021.3608577108396
0.2033473912325596,0.0177905914904198,-0.075,0.1312465446902642,0.3853023465918051,1021.336202629654
0.2033473912325596,0.0177905914904198,0.0,0.1186980292048935,0.3847409372646677,1021.3107934748156
0.2033473912325596,0.0177905914904198,0.0749999999999999,0.1082667244259517,0.3794519981697619,1021.27974775854
0.2033473912325596,0.0177905914904198,0.15,0.0912680018839939,0.3687763974269381,1021.2470739627483
0.201023040801396,0.0354457858373447,-0.15,0.1481694462442014,0.3783695448584347,1021.3598024239762
0.201023040801396,0.0354457858373447,-0.075,0.1268329538527781,0.3805678688361785,1021.3353239147356
0.201023040801396,0.0354457858373447,0.0,0.1145885245192091,0.3805446562458919,1021.3095953238264
0.201023040801396,0.0354457858373447,0.0749999999999999,0.1045304450142484,0.3750645460287882,1021.278438277082
0.201023040801396,0.0354457858373447,0.15,0.0889115271841273,0.3644960409708005,1021.2455859515626
0.1971687836487032,0.0528312163512967,-0.15,0.1415299157398261,0.3747560056995645,1021.3585924856694
0.1971687836487032,0.0528312163512967,-0.075,0.1208616976693977,0.3769669702948631,1021.3341852029216
0.1971687836487032,0.0528312163512967,0.0,0.109058854288949,0.3765482406369042,1021.307585727127
0.1971687836487032,0.0528312163512967,0.0749999999999999,0.1005848620351919,0.3704968833972141,1021.276409319202
0.1971687836487032,0.0528312163512967,0.15,0.0851103242261323,0.3602308404824306,1021.2436972891873
0.1918139529986771,0.0698145694084548,-0.15,0.1340332569087926,0.3706224088965997,1021.3579254146802
0.1918139529986771,0.0698145694084548,-0.075,0.1147144628618883,0.3725740262228033,1021.3322830984318
0.1918139529986771,0.0698145694084548,0.0,0.1034510153796706,0.3723837451473144,1021.3058633509252
0.1918139529986771,0.0698145694084548,0.0749999999999999,0.0953190657969224,0.3665556571541649,1021.2740653510926
0.1918139529986771,0.0698145694084548,0.15,0.0807116659499828,0.3560548198365926,1021.2413317075489
0.1849993023458996,0.0862665914372249,-0.15,0.1249083055588893,0.3674012944921762,1021.3565570919724
0.1849993023458996,0.0862665914372249,-0.075,0.1060719627543796,0.3695635510388183,1021.3297067842368
0.1849993023458996,0.0862665914372249,0.0,0.0969083140888655,0.3683812580368317,1021.30326660936
0.1849993023458996,0.0862665914372249,0.0749999999999999,0.0894594084923412,0.3627991126118798,1021.271821334635
0.1849993023458996,0.0862665914372249,0.15,0.0756259391923967,0.3520658137876779,1021.2387659941244
0.1767766952966369,0.1020620726159657,-0.15,0.1160433712739223,0.3661998212268925,1021.3549890296956
0.1767766952966369,0.1020620726159657,-0.075,0.0983308591466933,0.3668676917325604,1021.3283392051331
0.1767766952966369,0.1020620726159657,0.0,0.0893120887071859,0.3652281783581617,1021.3009090381496
0.1767766952966369,0.1020620726159657,0.0749999999999999,0.0823074827076048,0.3596649935535439,1021.2689634212358
0.1767766952966369,0.1020620726159657,0.15,0.0699342328899899,0.3484616091211542,1021.2357721911316
0.1672087108554797,0.1170807997953346,-0.15,0.106133582444953,0.3637040256372346,1021.353253132201
0.1672087108554797,0.1170807997953346,-0.075,0.0896580637069907,0.3642832744858826,1021.3256737091696
0.1672087108554797,0.1170807997953346,0.0,0.0816046072910647,0.3617850791488893,1021.2982221895878
0.1672087108554797,0.1170807997953346,0.0749999999999999,0.0750978682034615,0.3563632434645698,1021.2658377359091
0.1672087108554797,0.1170807997953346,0.15,0.0639725621099654,0.3447521421909651,1021.2327664821056
0.1563681671613323,0.1312084713929412,-0.15,0.096228373408265,0.3627653831864222,1021.3516084283832
0.1563681671613323,0.1312084713929412,-0.075,0.0804731466823782,0.3624175848151033,1021.323371787542
0.1563681671613323,0.1312084713929412,0.0,0.0728220513617934,0.3596487276863697,1021.2953302648352
0.1563681671613323,0.1312084713929412,0.0749999999999999,0.067101562012893,0.3534186608661768,1021.262890169781
0.1563681671613323,0.1312084713929412,0.15,0.0570837553629305,0.3416787219643886,1021.2295018862004
0.1443375672974064,0.1443375672974064,-0.15,0.0851139524185155,0.3623537656092884,1021.3501888264796
0.1443375672974064,0.1443375672974064,-0.075,0.0703280455208459,0.360026545070324,1021.3210790208524
0.1443375672974064,0.1443375672974064,0.0,0.0640855121137948,0.3569095701914752,1021.2921760972852
0.1443375672974064,0.1443375672974064,0.0749999999999999,0.0579606944429152,0.3515612283978226,1021.259228567459
0.1443375672974064,0.1443375672974064,0.15,0.0491406685667022,0.3387957838221329,1021.2258575934712
0.1312084713929412,0.1563681671613323,-0.15,0.0733228963047797,0.3626821302272237,1021.3480742459342
0.1312084713929412,0.1563681671613323,-0.075,0.0601245555063903,0.3591535434699117,1021.3181974212856
0.1312084713929412,0.1563681671613323,0.0,0.0540980789482291,0.3556706450957847,1021.2891757475372
0.1312084713929412,0.1563681671613323,0.0749999999999999,0.0491318459256734,0.3489868679452913,1021.2559158247284
0.1312084713929412,0.1563681671613323,0.15,0.0412453584273646,0.3360726334312716,1021.2228222448438
0.1170807997953346,0.1672087108554797,-0.15,0.0615901626351158,0.3625361543333897,1021.3463935653192
0.1170807997953346,0.1672087108554797,-0.075,0.0496820565788988,0.3573678103829825,1021.315968035818
0.1170807997953346,0.1672087108554797,0.0,0.0438030271246148,0.354262313626163,1021.2862407102696
0.1170807997953346,0.1672087108554797,0.0749999999999999,0.0394967198580432,0.3472285601422471,1021.2530672687672
0.1170807997953346,0.1672087108554797,0.15,0.0329640798403831,0.3335374657030483,1021.2191590823832
0.1020620726159657,0.1767766952966368,-0.15,0.0494811637463041,0.3640507175733857,1021.3452702174468
0.1020620726159657,0.1767766952966368,-0.075,0.0386672418742559,0.357895683139234,1021.3143459584244
0.1020620726159657,0.1767766952966368,0.0,0.0328942403111794,0.3539458528932601,1021.2834120818594
0.1020620726159657,0.1767766952966368,0.0749999999999999,0.0291927664813108,0.3459803796900332,1021.2495101886948
0.1020620726159657,0.1767766952966368,0.15,0.0237499905353888,0.3313311497864284,1021.215531979546
0.0862665914372249,0.1849993023458996,-0.15,0.0363846649705779,0.3657097183094616,1021.34402159736
0.0862665914372249,0.1849993023458996,-0.075,0.0274872933514809,0.3589419972753522,1021.3123811839004
0.0862665914372249,0.1849993023458996,0.0,0.0225049039661066,0.3530820812998685,1021.280929407964
0.0862665914372249,0.1849993023458996,0.0749999999999999,0.0189427727895154,0.3449568327652141,1021.2465995025432
0.0862665914372249,0.1849993023458996,0.15,0.0139596728956449,0.3308104114743775,1021.2119225674696
0.0698145694084548,0.1918139529986771,-0.15,0.0244362088156565,0.3677546126300778,1021.3434331132617
0.0698145694084548,0.1918139529986771,-0.075,0.0157581405454633,0.3600947634630801,1021.310202395868
0.0698145694084548,0.1918139529986771,0.0,0.0111599229751471,0.3532700197208155,1021.2787456087116
0.0698145694084548,0.1918139529986771,0.0749999999999999,0.0080446674870722,0.3448013113252913,1021.2439549228312
0.0698145694084548,0.1918139529986771,0.15,0.0039050494986423,0.3295628477976362,1021.209443245938
0.0528312163512967,0.1971687836487032,-0.15,0.0121390611327901,0.3692584476776813,1021.34289154278
0.0528312163512967,0.1971687836487032,-0.075,0.0041531171325529,0.3610891740886364,1021.3097484149084
0.0528312163512967,0.1971687836487032,0.0,-0.0004448742843792,0.3537393507860932,1021.2770396925752
0.0528312163512967,0.1971687836487032,0.0749999999999999,-0.0025425710744637,0.3448826921031716,1021.2419399864146
0.0528312163512967,0.1971687836487032,0.15,-0.0061198178677772,0.3277465263360648,1021.2073815004236
0.0354457858373447,0.201023040801396,-0.15,0.000176683155245,0.3716985214707093,1021.3429137146868
0.0354457858373447,0.201023040801396,-0.075,-0.0071113397621445,0.362126303739538,1021.3094189569016
0.0354457858373447,0.201023040801396,0.0,-0.011647230000905,0.3546747847780604,1021.2764923267972
0.0354457858373447,0.201023040801396,0.0749999999999999,-0.0138971251564698,0.3443500561200441,1021.2407098215748
0.0354457858373447,0.201023040801396,0.15,-0.0163378086721513,0.3272001133669867,1021.2055856919618
0.0177905914904198,0.2033473912325596,-0.15,-0.0124053264615033,0.374931292980203,1021.3438843500866
0.0177905914904198,0.2033473912325596,-0.075,-0.0190192317839871,0.3636200445104754,1021.3092347395332
0.0177905914904198,0.2033473912325596,0.0,-0.0230593478171625,0.3560200896040925,1021.27610563235
0.0177905914904198,0.2033473912325596,0.0749999999999999,-0.0252117682858573,0.3452821838993067,1021.239893628743
0.0177905914904198,0.2033473912325596,0.15,-0.0269244391741098,0.327311291715425,1021.2045164600696
1.2498999054348718e-17,0.2041241452319315,-0.15,-0.024906862666111,0.3778680133738821,1021.3457930674248
1.2498999054348718e-17,0.2041241452319315,-0.075,-0.0305483248071078,0.3672513055407913,1021.3097270214988
1.2498999054348718e-17,0.2041241452319315,0.0,-0.0344440579021344,0.3577023821965672,1021.2760335056164
1.2498999054348718e-17,0.2041241452319315,0.0749999999999999,-0.036724309131747,0.3462728525033692,1021.2394817916304
1.2498999054348718e-17,0.2041241452319315,0.15,-0.0375327736411313,0.3280300685441782,1021.204613033991
-0.0177905914904198,0.2033473912325596,-0.15,-0.0374044730455576,0.3812422845265051,1021.347029614527
-0.0177905914904198,0.2033473912325596,-0.075,-0.043346546072115,0.3685503421911731,1021.31150389191
-0.0177905914904198,0.2033473912325596,0.0,-0.0467332818751715,0.3596071035676214,1021.2775723755832
-0.0177905914904198,0.2033473912325596,0.0749999999999999,-0.0482483011031559,0.3475667685151542,1021.240628206063
-0.0177905914904198,0.2033473912325596,0.15,-0.049337547840278,0.3283373280898439,1021.2045859949774
-0.0354457858373447,0.201023040801396,-0.15,-0.0496448778559243,0.3842530750495733,1021.3492651331612
-0.0354457858373447,0.201023040801396,-0.075,-0.055592311309708,0.3719328795240877,1021.3140227364644
-0.0354457858373447,0.201023040801396,0.0,-0.0588247492499824,0.3618077978753463,1021.27949506535
-0.0354457858373447,0.201023040801396,0.0749999999999999,-0.0598033743184359,0.3488907964776758,1021.2422512558508
-0.0354457858373447,0.201023040801396,0.15,-0.0610009526300253,0.3292359110316066,1021.2057993700834
-0.0528312163512967,0.1971687836487032,-0.15,-0.0621527793055796,0.3879224647869226,1021.3525676271918
-0.0528312163512967,0.1971687836487032,-0.075,-0.0681355647484256,0.3756645618015088,1021.3168145411432
-0.0528312163512967,0.1971687836487032,0.0,-0.0707866713327954,0.3643367286474653,1021.2817137504046
-0.0528312163512967,0.1971687836487032,0.0749999999999999,-0.0709863033825517,0.351622957399316,1021.2444297181784
-0.0528312163512967,0.1971687836487032,0.15,-0.0727082466440464,0.3307596024021492,1021.2078854915736
-0.0698145694084548,0.1918139529986771,-0.15,-0.0738010024251195,0.3923288547277463,1021.3566035866138
-0.0698145694084548,0.1918139529986771,-0.075,-0.079822717910224,0.3792792084654125,1021.319914492474
-0.0698145694084548,0.1918139529986771,0.0,-0.0818406340120993,0.3672103151259193,1021.2852861373244
-0.0698145694084548,0.1918139529986771,0.0749999999999999,-0.0824416640616978,0.3536567418405549,1021.2475974281898
-0.0698145694084548,0.1918139529986771,0.15,-0.0841249953325792,0.3335046676577306,1021.2104492960144
-0.0862665914372249,0.1849993023458996,-0.15,-0.0851041062615921,0.3959321193927625,1021.3608980806312
-0.0862665914372249,0.1849993023458996,-0.075,-0.090704598528357,0.3825252230124737,1021.3249695633268
-0.0862665914372249,0.1849993023458996,0.0,-0.0924867263024092,0.3702052822435883,1021.2895823060446
-0.0862665914372249,0.1849993023458996,0.0749999999999999,-0.0929326899227084,0.3558160953142894,1021.2516533819248
-0.0862665914372249,0.1849993023458996,0.15,-0.0948734557768282,0.3356166760855081,1021.2136992871964
-0.1020620726159657,0.1767766952966369,-0.15,-0.0944014844314329,0.3995994974232964,1021.3660943661748
-0.1020620726159657,0.1767766952966369,-0.075,-0.1012940932906723,0.3856192953709224,1021.3300758732966
-0.1020620726159657,0.1767766952966369,0.0,-0.1032638494799873,0.3740551122506916,1021.294462410719
-0.1020620726159657,0.1767766952966369,0.0749999999999999,-0.1032650461490076,0.3587062550195676,1021.2562767907644
-0.1020620726159657,0.1767766952966369,0.15,-0.1050980802106797,0.3369222710360098,1021.2183937172888
-0.1170807997953346,0.1672087108554798,-0.15,-0.1036708890059804,0.4030337492261347,1021.3714231034384
-0.1170807997953346,0.1672087108554798,-0.075,-0.1110529184599991,0.3889283706384116,1021.3351258333084
-0.1170807997953346,0.1672087108554798,0.0,-0.112546304285678,0.377126205028916,1021.299999028703
-0.1170807997953346,0.1672087108554798,0.0749999999999999,-0.1125897018235431,0.361659418232131,1021.2618772599144
-0.1170807997953346,0.1672087108554798,0.15,-0.1149675112006554,0.3398192967153032,1021.2234527775428
-0.1312084713929412,0.1563681671613323,-0.15,-0.112150304744632,0.4076999490680346,1021.3775674239248
-0.1312084713929412,0.1563681671613323,-0.075,-0.1202412149499938,0.3942063380013105,1021.3410751146098
-0.1312084713929412,0.1563681671613323,0.0,-0.1213239371125109,0.3810259872745374,1021.3059628661744
-0.1312084713929412,0.1563681671613323,0.0749999999999999,-0.1214897769794868,0.3649385883993029,1021.2671141892644
-0.1312084713929412,0.1563681671613323,0.15,-0.1247023110951486,0.3429375234150774,1021.228912731194
-0.1443375672974064,0.1443375672974064,-0.15,-0.1192621674141781,0.4114177669351226,1021.3843878905463
-0.1443375672974064,0.1443375672974064,-0.075,-0.1283866011653872,0.398190064429914,1021.3479578512042
-0.1443375672974064,0.1443375672974064,0.0,-0.1291553477833547,0.3844648529826118,1021.3123068112214
-0.1443375672974064,0.1443375672974064,0.0749999999999999,-0.1299711302045769,0.3688296145659688,1021.273158581354
-0.1443375672974064,0.1443375672974064,0.15,-0.1336276492279872,0.3461240207473118,1021.2341118780552
-0.1563681671613323,0.1312084713929412,-0.15,-0.1256069193154194,0.4153624476287134,1021.3907227253968
-0.1563681671613323,0.1312084713929412,-0.075,-0.1351779952874653,0.4032787102399297,1021.354505388244
-0.1563681671613323,0.1312084713929412,0.0,-0.1368572174296519,0.3890881553981981,1021.3190966614848
-0.1563681671613323,0.1312084713929412,0.0749999999999999,-0.1367925699324618,0.3717823816377084,1021.2798769287874
-0.1563681671613323,0.1312084713929412,0.15,-0.1411904313471245,0.3493404133536586,1021.2402729672086
-0.1672087108554797,0.1170807997953347,-0.15,-0.1315916130811961,0.4192890733805336,1021.3974424902366
-0.1672087108554797,0.1170807997953347,-0.075,-0.1413958501030663,0.407403142703658,1021.3612714997712
-0.1672087108554797,0.1170807997953347,0.0,-0.1430152160849987,0.3927732233439196,1021.32587714574
-0.1672087108554797,0.1170807997953347,0.0749999999999999,-0.1432969441526906,0.3755873140418705,1021.286171836274
-0.1672087108554797,0.1170807997953347,0.15,-0.1483824528627274,0.3526095631849913,1021.2463772867828
-0.1767766952966369,0.1020620726159657,-0.15,-0.1358863440646385,0.4242035925260341,1021.4043480457792
-0.1767766952966369,0.1020620726159657,-0.075,-0.146480264163594,0.4117881792512233,1021.3685506364932
-0.1767766952966369,0.1020620726159657,0.0,-0.1486425440829773,0.3974152027496904,1021.3326505143835
-0.1767766952966369,0.1020620726159657,0.0749999999999999,-0.1490221412542288,0.3795047775865966,1021.2928853867944
-0.1767766952966369,0.1020620726159657,0.15,-0.1549757033567899,0.3563720191570587,1021.2525002111888
-0.1849993023458996,0.0862665914372249,-0.15,-0.1394341843739772,0.4272386781782601,1021.4111009276384
-0.1849993023458996,0.0862665914372249,-0.075,-0.1507487635427444,0.415814285114987,1021.3746070262968
-0.1849993023458996,0.0862665914372249,0.0,-0.1526772712753225,0.4014086439728164,1021.339223322575
-0.1849993023458996,0.0862665914372249,0.0749999999999999,-0.1531446249077921,0.3830047953266295,1021.2995073578036
-0.1849993023458996,0.0862665914372249,0.15,-0.1602217326004281,0.3598847113918652,1021.2588291713428
-0.1918139529986771,0.0698145694084548,-0.15,-0.1408339475759629,0.431701168068252,1021.4175776471102
-0.1918139529986771,0.0698145694084548,-0.075,-0.152276246434159,0.4196797939276106,1021.3818607115634
-0.1918139529986771,0.0698145694084548,0.0,-0.1559735194054362,0.4058904109336806,1021.3460823566433
-0.1918139529986771,0.0698145694084548,0.0749999999999999,-0.1568142966551762,0.3868771034840553,1021.3056148682974
-0.1918139529986771,0.0698145694084548,0.15,-0.1643749809219813,0.3636395701761588,1021.2648760770892
-0.1971687836487032,0.0528312163512968,-0.15,-0.1418879730365054,0.4364857157828879,1021.423175489786
-0.1971687836487032,0.0528312163512968,-0.075,-0.1543776174232259,0.4244553622395808,1021.3883322631742
-0.1971687836487032,0.0528312163512968,0.0,-0.1583346127540741,0.4101769122838104,1021.3520223746946
-0.1971687836487032,0.0528312163512968,0.0749999999999999,-0.1592580465113178,0.3906887599345058,1021.3118348747032
-0.1971687836487032,0.0528312163512968,0.15,-0.1674447522358284,0.3674445753952788,1021.2707868236328
-0.201023040801396,0.0354457858373448,-0.15,-0.1417498150992339,0.4401705286365908,1021.429030671453
-0.201023040801396,0.0354457858373448,-0.075,-0.1546623517518815,0.4279769623937661,1021.3938289758848
-0.201023040801396,0.0354457858373448,0.0,-0.1588361723421901,0.4139483151931116,1021.3581059622474
-0.201023040801396,0.0354457858373448,0.0749999999999999,-0.1611376436099402,0.3948915531076727,1021.3176580458652
-0.201023040801396,0.0354457858373448,0.15,-0.1692795421924294,0.3712116986983719,1021.2761949677596
-0.2033473912325596,0.0177905914904198,-0.15,-0.1398999294587531,0.4439008211506701,1021.4343342689456
-0.2033473912325596,0.0177905914904198,-0.075,-0.1544517632478384,0.4321882079086317,1021.3987468036314
-0.2033473912325596,0.0177905914904198,0.0,-0.1587631119088237,0.4175891441170338,1021.3631311876222
-0.2033473912325596,0.0177905914904198,0.0749999999999999,-0.1612879304536371,0.3986940313550858,1021.3225810020344
-0.2033473912325596,0.0177905914904198,0.15,-0.1706747978323611,0.3748807419237787,1021.2810823590526
-0.2041241452319315,2.4997998108697437e-17,-0.15,-0.1379842388973252,0.4473740069596492,1021.4389448014152
-0.2041241452319315,2.4997998108697437e-17,-0.075,-0.1524822791296192,0.4364548094579066,1021.4036194289082
-0.2041241452319315,2.4997998108697437e-17,0.0,-0.1571549039716772,0.421318182869542,1021.3684413605578
-0.2041241452319315,2.4997998108697437e-17,0.0749999999999999,-0.1612241966487912,0.4020361475066446,1021.3271891829436
-0.2041241452319315,2.4997998108697437e-17,0.15,-0.1711828983745732,0.3791359506526146,1021.2855492498032
-0.2033473912325596,-0.0177905914904197,-0.15,-0.1347182100930004,0.4505989141756538,1021.442663678843
-0.2033473912325596,-0.0177905914904197,-0.075,-0.1501426475403365,0.4404197198709488,1021.4074508910624
-0.2033473912325596,-0.0177905914904197,0.0,-0.1552333113974027,0.4253790001743422,1021.3722398341432
-0.2033473912325596,-0.0177905914904197,0.0749999999999999,-0.1593965571035616,0.4059288372285883,1021.3315128589192
-0.2033473912325596,-0.0177905914904197,0.15,-0.1694508712568276,0.382632704684287,1021.2893016179668
-0.2010230408013961,-0.0354457858373446,-0.15,-0.1307812413608451,0.4545494392563144,1021.4456061944963
-0.2010230408013961,-0.0354457858373446,-0.075,-0.1459857819408179,0.4443842837290522,1021.4108237297964
-0.2010230408013961,-0.0354457858373446,0.0,-0.1518304576536598,0.4293380296903371,1021.3750112479992
-0.2010230408013961,-0.0354457858373446,0.0749999999999999,-0.1579193895361973,0.4099375113243749,1021.3351500670204
-0.2010230408013961,-0.0354457858373446,0.15,-0.168023289785514,0.3868631463013797,1021.2930658984428
-0.1971687836487032,-0.0528312163512967,-0.15,-0.1251443087022313,0.4574209235075963,1021.4476989103016
-0.1971687836487032,-0.0528312163512967,-0.075,-0.1410891383675436,0.4474629174460818,1021.4135725962432
-0.1971687836487032,-0.0528312163512967,0.0,-0.1480742703564816,0.4326380457599031,1021.37756212209
-0.1971687836487032,-0.0528312163512967,0.0749999999999999,-0.1536229750013425,0.4132693399314598,1021.3370915718629
-0.1971687836487032,-0.0528312163512967,0.15,-0.1647653438534222,0.3907240484224857,1021.29665703653
-0.1918139529986771,-0.0698145694084548,-0.15,-0.119848591013746,0.4610409081130306,1021.449178086547
-0.1918139529986771,-0.0698145694084548,-0.075,-0.1351592133132949,0.4510881604571387,1021.4147038851764
-0.1918139529986771,-0.0698145694084548,0.0,-0.1434901073159998,0.4364616438743373,1021.3792703071524
-0.1918139529986771,-0.0698145694084548,0.0749999999999999,-0.1491679390258705,0.4166901143485212,1021.3390980760034
-0.1918139529986771,-0.0698145694084548,0.15,-0.1612957436643433,0.3949432436825094,1021.2992053611044
-0.1849993023458996,-0.0862665914372249,-0.15,-0.1123602669524585,0.4636806448373424,1021.4500491537112
-0.1849993023458996,-0.0862665914372249,-0.075,-0.1286741630203011,0.4545059317000484,1021.4156254153304
-0.1849993023458996,-0.0862665914372249,0.0,-0.1369209952110039,0.4398122002179512,1021.3806386825202
-0.1849993023458996,-0.0862665914372249,0.0749999999999999,-0.1437894232285408,0.4205919690809788,1021.3408938736547
-0.1849993023458996,-0.0862665914372249,0.15,-0.1554042117787538,0.3990808291558632,1021.3012400648888
-0.1767766952966369,-0.1020620726159657,-0.15,-0.1045866358736216,0.4667720060776123,1021.4496660678716
-0.1767766952966369,-0.1020620726159657,-0.075,-0.1213303246425246,0.4576826328252694,1021.415564734304
-0.1767766952966369,-0.1020620726159657,0.0,-0.1298639536906402,0.4433449268967075,1021.380850218266
-0.1767766952966369,-0.1020620726159657,0.0749999999999999,-0.1378022612077522,0.4241523675035141,1021.3416504239868
-0.1767766952966369,-0.1020620726159657,0.15,-0.1501115375733871,0.4036144322479977,1021.3019800950128
-0.1672087108554798,-0.1170807997953346,-0.15,-0.0957926808553244,0.4688672490628511,1021.4489240396676
-0.1672087108554798,-0.1170807997953346,-0.075,-0.1130190430789638,0.4608944340974601,1021.4147181095808
-0.1672087108554798,-0.1170807997953346,0.0,-0.1225150036570685,0.4460352682117258,1021.3803261461278
-0.1672087108554798,-0.1170807997953346,0.0749999999999999,-0.130446658259945,0.4269788005568953,1021.3413552172344
-0.1672087108554798,-0.1170807997953346,0.15,-0.1431840568262192,0.4077445780989907,1021.3027658683712
-0.1563681671613323,-0.1312084713929412,-0.15,-0.0865774458834548,0.4713853440700473,1021.4466066770468
-0.1563681671613323,-0.1312084713929412,-0.075,-0.1038723117151248,0.4635576436928562,1021.4129794703656
-0.1563681671613323,-0.1312084713929412,0.0,-0.1144159669639575,0.4490672882168595,1021.3786309313904
-0.1563681671613323,-0.1312084713929412,0.0749999999999999,-0.1229745669352403,0.4299035924474899,1021.3405405413946
-0.1563681671613323,-0.1312084713929412,0.15,-0.1358548099727075,0.410597433773162,1021.3016598220146
-0.1443375672974064,-0.1443375672974064,-0.15,-0.0759958154105862,0.4737261711114417,1021.4438959833908
-0.1443375672974064,-0.1443375672974064,-0.075,-0.0944387354506689,0.4661372201463447,1021.4108319204718
-0.1443375672974064,-0.1443375672974064,0.0,-0.1051459000305037,0.4516379036380932,1021.376857613911
-0.1443375672974064,-0.1443375672974064,0.0749999999999999,-0.1145812835426402,0.4338423169455581,1021.3394444055492
-0.1443375672974064,-0.1443375672974064,0.15,-0.1281821826390803,0.4147745034066658,1021.3004302682974
-0.1312084713929412,-0.1563681671613323,-0.15,-0.065445217676634,0.4752620611832557,1021.4404903083796
-0.1312084713929412,-0.1563681671613323,-0.075,-0.0841173246892637,0.4682525171933857,1021.4073875547708
-0.1312084713929412,-0.1563681671613323,0.0,-0.0956676188392097,0.4544654453169088,1021.374069992576
-0.1312084713929412,-0.1563681671613323,0.0749999999999999,-0.1055504969550926,0.4366629849542926,1021.337195443334
-0.1312084713929412,-0.1563681671613323,0.15,-0.1191010007412102,0.4183584636002624,1021.2997463721916
-0.1170807997953347,-0.1672087108554797,-0.15,-0.0541053466622732,0.4769998902430886,1021.4363205151255
-0.1170807997953347,-0.1672087108554797,-0.075,-0.0725909275514511,0.4703681517707558,1021.4036289123218
-0.1170807997953347,-0.1672087108554797,0.0,-0.0849343821862165,0.456851630425889,1021.3708638948956
-0.1170807997953347,-0.1672087108554797,0.0749999999999999,-0.0959540629911172,0.439911904219593,1021.3340280062896
-0.1170807997953347,-0.1672087108554797,0.15,-0.1097710453529551,0.4227447172282802,1021.2977691111658
-0.1020620726159658,-0.1767766952966368,-0.15,-0.0421476433058176,0.478312582126623,1021.432084465663
-0.1020620726159658,-0.1767766952966368,-0.075,-0.0612116148695086,0.4720625127058228,1021.3996449268066
-0.1020620726159658,-0.1767766952966368,0.0,-0.0743982224898353,0.4591767210980373,1021.3676973625376
-0.1020620726159658,-0.1767766952966368,0.0749999999999999,-0.0857342826199,0.4422510691382863,1021.3315064893716
-0.1020620726159658,-0.1767766952966368,0.15,-0.0998798067445683,0.4244937605841088,1021.2961230050296
-0.086266591437225,-0.1849993023458995,-0.15,-0.0301266135004686,0.4789785251367087,1021.4271653303028
-0.086266591437225,-0.1849993023458995,-0.075,-0.0493392754895707,0.4734430601313524,1021.3955847961214
-0.086266591437225,-0.1849993023458995,0.0,-0.0632902964508537,0.46047200443411,1021.3637470121568
-0.086266591437225,-0.1849993023458995,0.0749999999999999,-0.075467458899507,0.4444978252238181,1021.3284587155532
-0.086266591437225,-0.1849993023458995,0.15,-0.0894411684352656,0.4284666487037415,1021.2935990331368
-0.0698145694084549,-0.191813952998677,-0.15,-0.0176056136441261,0.4791684461029037,1021.4220211983384
-0.0698145694084549,-0.191813952998677,-0.075,-0.0371436606095008,0.4743875165775146,1021.3908506828408
-0.0698145694084549,-0.191813952998677,0.0,-0.0517882307587891,0.4615830666945353,1021.3597212973372
-0.0698145694084549,-0.191813952998677,0.0749999999999999,-0.0646189255644465,0.4462402780939356,1021.3250904756952
-0.0698145694084549,-0.191813952998677,0.15,-0.0782210554973536,0.4308354088866453,1021.2908274009604
-0.0528312163512967,-0.1971687836487032,-0.15,-0.0046544175434261,0.4793698131692286,1021.4165059317952
-0.0528312163512967,-0.1971687836487032,-0.075,-0.0241478007798176,0.4748015159583948,1021.3862745523948
-0.0528312163512967,-0.1971687836487032,0.0,-0.0397438238092672,0.4624464688594217,1021.3554605469086
-0.0528312163512967,-0.1971687836487032,0.0749999999999999,-0.0532743830737762,0.4479012643405132,1021.321485972149
-0.0528312163512967,-0.1971687836487032,0.15,-0.0672447385191989,0.43258752615267,1021.2874815331134
-0.0354457858373447,-0.201023040801396,-0.15,0.008280618783065,0.4785188026305559,1021.4111355235272
-0.0354457858373447,-0.201023040801396,-0.075,-0.0111888090234838,0.4746495501210448,1021.3810955812093
-0.0354457858373447,-0.201023040801396,0.0,-0.0275804756327906,0.4628282166973791,1021.3513647679556
-0.0354457858373447,-0.201023040801396,0.0749999999999999,-0.042035695395853,0.4478082783713324,1021.3182229916664
-0.0354457858373447,-0.201023040801396,0.15,-0.0559217508836492,0.4343549064914262,1021.2848699079044
-0.0177905914904198,-0.2033473912325596,-0.15,0.0213595752288774,0.4774638645756894,1021.4057744940516
-0.0177905914904198,-0.2033473912325596,-0.075,0.0015382588881542,0.4739991371381825,1021.3766875172856
-0.0177905914904198,-0.2033473912325596,0.0,-0.0155874696820797,0.4627354732052354,1021.3472757581388
-0.0177905914904198,-0.2033473912325596,0.0749999999999999,-0.0309379060121938,0.4485977999328577,1021.3142269856068
-0.0177905914904198,-0.2033473912325596,0.15,-0.0444520942430563,0.4355686222458155,1021.281690306608
-3.7496997163046154e-17,-0.2041241452319315,-0.15,0.0343187889855901,0.4758703766999861,1021.4010499425748
-3.7496997163046154e-17,-0.2041241452319315,-0.075,0.0143896053976654,0.4732162769130114,1021.3720496155398
-3.7496997163046154e-17,-0.2041241452319315,0.0,-0.0033972456724208,0.4624585769901477,1021.3428477343768
-3.7496997163046154e-17,-0.2041241452319315,0.0749999999999999,-0.0191342558663785,0.4486680973451729,1021.310432579326
-3.7496997163046154e-17,-0.2041241452319315,0.15,-0.0328918647315251,0.4359638023872627,1021.279402777818
0.0177905914904197,-0.2033473912325596,-0.15,0.0486214764660672,0.4737074459416933,1021.3957951606054
0.0177905914904197,-0.2033473912325596,-0.075,0.0279558790976155,0.471351712016133,1021.3677570907752
0.0177905914904197,-0.2033473912325596,0.0,0.0100318072688367,0.4611640251938226,1021.3393430183404
0.0177905914904197,-0.2033473912325596,0.0749999999999999,-0.0060758885578778,0.4480656369850792,1021.3072409588268
0.0177905914904197,-0.2033473912325596,0.15,-0.0203106993298231,0.4360359828506012,1021.2756004062968
0.0354457858373446,-0.2010230408013961,-0.15,0.0625578149679133,0.4709951551201931,1021.3913223193456
0.0354457858373446,-0.2010230408013961,-0.075,0.0414080219273992,0.4693388506273586,1021.3633702730168
0.0354457858373446,-0.2010230408013961,0.0,0.0234272840235758,0.4596646922382583,1021.3356250516852
0.0354457858373446,-0.2010230408013961,0.0749999999999999,0.0074646407180171,0.4467188261194373,1021.3043670955482
0.0354457858373446,-0.2010230408013961,0.15,-0.0078560250698445,0.4352603002637532,1021.272796866313
0.0528312163512966,-0.1971687836487032,-0.15,0.076148448709193,0.4680590069981953,1021.3871469351864
0.0528312163512966,-0.1971687836487032,-0.075,0.0541549061315753,0.4667974536513539,1021.3600227400076
0.0528312163512966,-0.1971687836487032,0.0,0.0361942183266046,0.4576511365287997,1021.332162809861
0.0528312163512966,-0.1971687836487032,0.0749999999999999,0.0204201729746895,0.4462057072390947,1021.3009900962926
0.0528312163512966,-0.1971687836487032,0.15,0.0043144051317873,0.433873643696417,1021.2696365918414
0.0698145694084547,-0.1918139529986771,-0.15,0.0889973402702633,0.4640447218292171,1021.3835414529648
0.0698145694084547,-0.1918139529986771,-0.075,0.0661635168775568,0.4636488982830588,1021.3564681930656
0.0698145694084547,-0.1918139529986771,0.0,0.0484011513456073,0.4551000629514005,1021.3292325834044
0.0698145694084547,-0.1918139529986771,0.0749999999999999,0.0326118377624017,0.4438689114057237,1021.2982934257932
0.0698145694084547,-0.1918139529986771,0.15,0.0161930633433879,0.4324195815399813,1021.2675217622184
0.0862665914372248,-0.1849993023458996,-0.15,0.1013251995331338,0.4600150056496843,1021.3801184812272
0.0862665914372248,-0.1849993023458996,-0.075,0.0780529002492733,0.4599220801007578,1021.3535869343368
0.0862665914372248,-0.1849993023458996,0.0,0.060260460287775,0.4522335946465594,1021.3265448936324
0.0862665914372248,-0.1849993023458996,0.0749999999999999,0.0444370407081755,0.441364074229232,1021.295801077512
0.0862665914372248,-0.1849993023458996,0.15,0.0269911621777451,0.4302446166456186,1021.2652371566696
0.1020620726159657,-0.1767766952966368,-0.15,0.112989395102308,0.4554871532703702,1021.377141820471
0.1020620726159657,-0.1767766952966368,-0.075,0.0891408543314947,0.4557103646744311,1021.350656048862
0.1020620726159657,-0.1767766952966368,0.0,0.0714253807084303,0.449108628636033,1021.324360045621
0.1020620726159657,-0.1767766952966368,0.0749999999999999,0.055789137146749,0.4382565221487156,1021.2935212849228
0.1020620726159657,-0.1767766952966368,0.15,0.0375474416740913,0.426344397306611,1021.2631938252262
0.1170807997953346,-0.1672087108554797,-0.15,0.1233566456098236,0.4503019352778905,1021.3742577212377
0.1170807997953346,-0.1672087108554797,-0.075,0.0994071643071972,0.4511414655062131,1021.348369719498
0.1170807997953346,-0.1672087108554797,0.0,0.0818897826868995,0.4448791585655319,1021.3220581590724
0.1170807997953346,-0.1672087108554797,0.0749999999999999,0.0659554973320303,0.434952104026203,1021.2913292963764
0.1170807997953346,-0.1672087108554797,0.15,0.0474552840096824,0.4245354765550757,1021.260835317773
0.1312084713929412,-0.1563681671613324,-0.15,0.1328026481105597,0.4446996907860508,1021.3721718947028
0.1312084713929412,-0.1563681671613324,-0.075,0.1080389924034856,0.4461202830054152,1021.346660346796
0.1312084713929412,-0.1563681671613324,0.0,0.0907177658677805,0.4405200781033921,1021.320537184863
0.1312084713929412,-0.1563681671613324,0.0749999999999999,0.0753506644331619,0.4306336888413923,1021.2904650852752
0.1312084713929412,-0.1563681671613324,0.15,0.0565717751941688,0.4199512827640794,1021.2594319454458
0.1443375672974064,-0.1443375672974064,-0.15,0.141339420730162,0.4393335664390659,1021.3702580733916
0.1443375672974064,-0.1443375672974064,-0.075,0.1162343990639088,0.4410878427569292,1021.3455040990556
0.1443375672974064,-0.1443375672974064,0.0,0.0992124107890649,0.4356640515823706,1021.319397974359
0.1443375672974064,-0.1443375672974064,0.0749999999999999,0.0837727253791982,0.4266459159662395,1021.289417223578
0.1443375672974064,-0.1443375672974064,0.15,0.0644446399376374,0.4160318786851831,1021.2574065103572
0.1563681671613323,-0.1312084713929413,-0.15,0.1480076590593754,0.4332298280004701,1021.368638240054
0.1563681671613323,-0.1312084713929413,-0.075,0.12354190720261,0.4356057641920615,1021.3439656438724
0.1563681671613323,-0.1312084713929413,0.0,0.1061970373521585,0.4310288423233489,1021.3180865832549
0.1563681671613323,-0.1312084713929413,0.0749999999999999,0.0911677226101259,0.4214553789145412,1021.2879882256352
0.1563681671613323,-0.1312084713929413,0.15,0.0721117343333729,0.4113883835743756,1021.2566301805972
0.1672087108554797,-0.1170807997953347,-0.15,0.1540867479651298,0.4270557176591058,1021.3676471035903
0.1672087108554797,-0.1170807997953347,-0.075,0.1292463614000035,0.4300871757415884,1021.342961205598
0.1672087108554797,-0.1170807997953347,0.0,0.1125239611444389,0.4259216419742709,1021.3175631391056
0.1672087108554797,-0.1170807997953347,0.0749999999999999,0.0977123160157061,0.4172127879689404,1021.2870693198796
0.1672087108554797,-0.1170807997953347,0.15,0.07840414886464,0.4079502227640315,1021.256449901121
0.1767766952966368,-0.1020620726159658,-0.15,0.1585345411018339,0.4214563895792478,1021.3661153671447
0.1767766952966368,-0.1020620726159658,-0.075,0.1338023770293448,0.4241049604602315,1021.342016576573
0.1767766952966368,-0.1020620726159658,0.0,0.1176811588993754,0.4211762980441423,1021.3167400627271
0.1767766952966368,-0.1020620726159658,0.0749999999999999,0.1025135108102935,0.4130263971053761,1021.28642487102
0.1767766952966368,-0.1020620726159658,0.15,0.0832946535296057,0.4031329476350127,1021.255096971958
0.1849993023458995,-0.086266591437225,-0.15,0.1618737051096556,0.4150621191382273,1021.3652517257362
0.1849993023458995,-0.086266591437225,-0.075,0.1372677514284168,0.41828486490789,1021.341227261776
0.1849993023458995,-0.086266591437225,0.0,0.1211383916137106,0.4156437108615674,1021.3160398530216
0.1849993023458995,-0.086266591437225,0.0749999999999999,0.1067532896224382,0.4080918810289654,1021.28550745043
0.1849993023458995,-0.086266591437225,0.15,0.0879483656730283,0.3978315715625131,1021.2544920466366
0.191813952998677,-0.0698145694084549,-0.15,0.1633127965663461,0.4093726432451824,1021.3641333556084
0.191813952998677,-0.0698145694084549,-0.075,0.1394787193821073,0.4123956411280005,1021.3403674497628
0.191813952998677,-0.0698145694084549,0.0,0.1230379276492907,0.4103863752523466,1021.315010220302
0.191813952998677,-0.0698145694084549,0.0749999999999999,0.1096194978392725,0.4028328149715254,1021.2842973728876
0.191813952998677,-0.0698145694084549,0.15,0.090080681022034,0.3928698933785178,1021.2532617186284
0.1971687836487032,-0.0528312163512967,-0.15,0.1647216775200648,0.4030092283125597,1021.3633598058888
0.1971687836487032,-0.0528312163512967,-0.075,0.1400946462917922,0.406517202050098,1021.3401620866014
0.1971687836487032,-0.0528312163512967,0.0,0.1248404083631939,0.4047886484524619,1021.314420104128
0.1971687836487032,-0.0528312163512967,0.0749999999999999,0.1113912984087412,0.3981046570705737,1021.2835748873006
0.1971687836487032,-0.0528312163512967,0.15,0.0926775248841806,0.3877966747363948,1021.2521388911074
0.201023040801396,-0.0354457858373447,-0.15,0.1635469480174703,0.3977532381558582,1021.3628618391156
0.201023040801396,-0.0354457858373447,-0.075,0.1395737571536878,0.4014498025430066,1021.33913942204
0.201023040801396,-0.0354457858373447,0.0,0.125368787823053,0.3998869580179574,1021.313702998462
0.201023040801396,-0.0354457858373447,0.0749999999999999,0.1112838095516553,0.3935487926594679,1021.2835527582577
0.201023040801396,-0.0354457858373447,0.15,0.0935088140423947,0.383079155531885,1021.2505324545252
0.2033473912325596,-0.0177905914904198,-0.15,0.161826856233944,0.3918275673908869,1021.3623241474952
0.2033473912325596,-0.0177905914904198,-0.075,0.1376184967573654,0.3958054168241364,1021.338214731865
0.2033473912325596,-0.0177905914904198,0.0,0.1241435396347058,0.3945373662589631,1021.313403862411
0.2033473912325596,-0.0177905914904198,0.0749999999999999,0.1119522017028792,0.3884323087054778,1021.2823946027876
0.2033473912325596,-0.0177905914904198,0.15,0.0941874660796851,0.3780166892752712,1021.2492382362864
0.25,0.0,-0.15,0.1824786296582348,0.3811221798982099,1021.3497854551324
0.25,0.0,-0.075,0.1612184788875291,0.3876024571228421,1021.3361779131784
0.25,0.0,0.0,0.1511162089285666,0.3876339377467021,1021.314216899158
0.25,0.0,0.0749999999999999,0.1432793920602733,0.3836130918189043,1021.2816821915532
0.25,0.0,0.15,0.1212733103092258,0.3711618508461718,1021.2417755070592
0.2490486745229364,0.0217889356869145,-0.15,0.1775284578553529,0.3761706987042587,1021.3502570877212
0.2490486745229364,0.0217889356869145,-0.075,0.1561568752906611,0.3811940504300321,1021.3354731809496
0.2490486745229364,0.0217889356869145,0.0,0.1472580173026325,0.3817067246159022,1021.313114297847
0.2490486745229364,0.0217889356869145,0.0749999999999999,0.1403238274176176,0.3782300434781123,1021.2803023287396
0.2490486745229364,0.0217889356869145,0.15,0.1229099649984331,0.3684303545553092,1021.2410331273492
0.246201938253052,0.0434120444167325,-0.15,0.1702462783896823,0.3693408114784535,1021.3486351739326
0.246201938253052,0.0434120444167325,-0.075,0.1490479517889641,0.3749280287971032,1021.3335744193352
0.246201938253052,0.0434120444167325,0.0,0.1438438316476401,0.376893238161406,1021.3112001024786
0.246201938253052,0.0434120444167325,0.0749999999999999,0.1354752802093534,0.3734437665051431,1021.2782010025276
0.246201938253052,0.0434120444167325,0.15,0.1199093086302664,0.3631989732867758,1021.2388440402552
0.241481456572267,0.0647047612756301,-0.15,0.1631026795220538,0.3637388946550334,1021.3477633311802
0.241481456572267,0.0647047612756301,-0.075,0.1437912040027207,0.3687542201001701,1021.3320222706906
0.241481456572267,0.0647047612756301,0.0,0.1391364235475161,0.3736356057938744,1021.310437439656
0.241481456572267,0.0647047612756301,0.0749999999999999,0.1302048384756266,0.3682779711141905,1021.2768654511592
0.241481456572267,0.0647047612756301,0.15,0.115688934379424,0.3582829613113423,1021.2366518198908
0.2349231551964771,0.0855050358314171,-0.15,0.1538718191219773,0.3594592303683741,1021.3475624797824
0.2349231551964771,0.0855050358314171,-0.075,0.1346051493017168,0.3629312734454121,1021.3298080942952
0.2349231551964771,0.0855050358314171,0.0,0.1254175002137267,0.361494981549214,1021.306916396392
0.2349231551964771,0.0855050358314171,0.0749999999999999,0.1238241264862583,0.3633411024222823,1021.2739120672398
0.2349231551964771,0.0855050358314171,0.15,0.1108434317982857,0.3535492306290709,1021.2347753276606
0.2265769467591624,0.1056545654351748,-0.15,0.1431022973526601,0.355601234410726,1021.3466084876256
0.2265769467591624,0.1056545654351748,-0.075,0.1250614360784205,0.3590108303883715,1021.3278845191926
0.2265769467591624,0.1056545654351748,0.0,0.1196612014993946,0.3613620574276059,1021.304589326986
0.2265769467591624,0.1056545654351748,0.0749999999999999,0.1162480880485558,0.3590534308446726,1021.2711473250988
0.2265769467591624,0.1056545654351748,0.15,0.104496264210485,0.3491189287341633,1021.2319742134912
0.2165063509461096,0.1249999999999999,-0.15,0.1323933930164531,0.3534241307159936,1021.3444522024848
0.2165063509461096,0.1249999999999999,-0.075,0.1166688366559964,0.3565493340997401,1021.3247906922632
0.2165063509461096,0.1249999999999999,0.0,0.1090962420630251,0.3584326225119557,1021.3012723978674
0.2165063509461096,0.1249999999999999,0.0749999999999999,0.1073747841963876,0.3548048509087018,1021.2675571556885
0.2165063509461096,0.1249999999999999,0.15,0.0970797751977933,0.3445787411838992,1021.2286098440532
0.2047880110722479,0.1433941090877615,-0.15,0.1205742020249134,0.3518114370201816,1021.341918962905
0.2047880110722479,0.1433941090877615,-0.075,0.1049325648318608,0.3528830667720302,1021.3218929030744
0.2047880110722479,0.1433941090877615,0.0,0.1017919026050335,0.3531358998179024,1021.297426133563
0.2047880110722479,0.1433941090877615,0.0749999999999999,0.0985764037810045,0.3511272812969626,1021.2639021876848
0.2047880110722479,0.1433941090877615,0.15,0.088744484893629,0.3404193415834749,1021.225045357426
0.1915111107797445,0.1606969024216348,-0.15,0.1087899768868103,0.3506986276306111,1021.3399222484736
0.1915111107797445,0.1606969024216348,-0.075,0.093636495886932,0.350430033953321,1021.3182761118466
0.1915111107797445,0.1606969024216348,0.0,0.0911101048353758,0.352023305332177,1021.2935506818092
0.1915111107797445,0.1606969024216348,0.0749999999999999,0.0888033298788618,0.3477754072919355,1021.2596253134258
0.1915111107797445,0.1606969024216348,0.15,0.0805477374328608,0.3363625160982589,1021.2208698076112
0.1767766952966369,0.1767766952966368,-0.15,0.0941250406693138,0.3506369302967124,1021.3374918079836
0.1767766952966369,0.1767766952966368,-0.075,0.0815553473771988,0.3482566116942139,1021.314919718792
0.1767766952966369,0.1767766952966368,0.0,0.0797888908684365,0.349601240574906,1021.2893600792892
0.1767766952966369,0.1767766952966368,0.0749999999999999,0.0786980532641152,0.3455093331158431,1021.2550272090864
0.1767766952966369,0.1767766952966368,0.15,0.0716833813620616,0.3322201481494796,1021.2159211039344
0.1606969024216348,0.1915111107797445,-0.15,0.0802591203564681,0.3500204746174337,1021.3343423930228
0.1606969024216348,0.1915111107797445,-0.075,0.0702577080380738,0.3469237311090982,1021.3113324124984
0.1606969024216348,0.1915111107797445,0.0,0.0682656054107563,0.3478490350661397,1021.2853540452484
0.1606969024216348,0.1915111107797445,0.0749999999999999,0.0664848228350575,0.3429186825373517,1021.2503073664312
0.1606969024216348,0.1915111107797445,0.15,0.061165630717776,0.3293164164468867,1021.2105803251116
0.1433941090877615,0.2047880110722479,-0.15,0.0669615948555154,0.3517308747902807,1021.332069262642
0.1433941090877615,0.2047880110722479,-0.075,0.0557731616399791,0.3466214277628134,1021.3080327701042
0.1433941090877615,0.2047880110722479,0.0,0.0544845195717104,0.3450071433223116,1021.2807918646946
0.1433941090877615,0.2047880110722479,0.0749999999999999,0.0555682152418307,0.340981760099118,1021.2455025436852
0.1433941090877615,0.2047880110722479,0.15,0.0513526421161318,0.3243442077867338,1021.2049600594222
0.125,0.2165063509461096,-0.15,0.0528467658624643,0.3525798312101162,1021.3292860890892
0.125,0.2165063509461096,-0.075,0.0449878455638028,0.346043818801164,1021.3035244715976
0.125,0.2165063509461096,0.0,0.0433111360632584,0.3423848206027278,1021.2767219101185
0.125,0.2165063509461096,0.0749999999999999,0.0424024344590201,0.3399918129978574,1021.240706940184
0.125,0.2165063509461096,0.15,0.038884769739971,0.3247766848115376,1021.2003692203114
0.1056545654351748,0.2265769467591624,-0.15,0.0387447914587366,0.3545477826239208,1021.3277322579496
0.1056545654351748,0.2265769467591624,-0.075,0.031306494146571,0.3461576837744781,1021.3005021957708
0.1056545654351748,0.2265769467591624,0.0,0.0292111240113018,0.3441678315274704,1021.2726989049996
0.1056545654351748,0.2265769467591624,0.0749999999999999,0.029108143088154,0.3394787858371884,1021.2361491607188
0.1056545654351748,0.2265769467591624,0.15,0.0267400978319651,0.3235134865759616,1021.1954120673022
0.0855050358314172,0.234923155196477,-0.15,0.024388008994205,0.3557482289950917,1021.3248916227782
0.0855050358314172,0.234923155196477,-0.075,0.0169716805307444,0.3468178238984142,1021.2979073171244
0.0855050358314172,0.234923155196477,0.0,0.0102896656301702,0.3387910271348601,1021.2687577779886
0.0855050358314172,0.234923155196477,0.0749999999999999,0.0163412700044597,0.3389284675660676,1021.231388923925
0.0855050358314172,0.234923155196477,0.15,0.0146585356720855,0.3217931945691792,1021.191414783618
0.0647047612756301,0.241481456572267,-0.15,0.0099591502783193,0.3593613533298265,1021.3237498625696
0.0647047612756301,0.241481456572267,-0.075,0.0032617125437344,0.3489038492501648,1021.2955747714664
0.0647047612756301,0.241481456572267,0.0,0.0023659954102123,0.3436080344424962,1021.2655594547576
0.0647047612756301,0.241481456572267,0.0749999999999999,0.0028571859765326,0.3380112413239684,1021.22815180576
0.0647047612756301,0.241481456572267,0.15,0.0016033259816732,0.3204119377242758,1021.1873790186268
0.0434120444167326,0.246201938253052,-0.15,-0.0042596394746282,0.3628090979250932,1021.3226396971892
0.0434120444167326,0.246201938253052,-0.075,-0.0104764913664971,0.3514738523881376,1021.2939974704174
0.0434120444167326,0.246201938253052,0.0,-0.0139348673663889,0.3437881819183007,1021.262943017326
0.0434120444167326,0.246201938253052,0.0749999999999999,-0.0114364480407987,0.3391828040233937,1021.2256893307862
0.0434120444167326,0.246201938253052,0.15,-0.0120505096330823,0.3204213225071999,1021.1848565835808
0.0217889356869145,0.2490486745229364,-0.15,-0.0189796024375051,0.3665806488589797,1021.322152093596
0.0217889356869145,0.2490486745229364,-0.075,-0.0232670914302738,0.3544042913030666,1021.2930486004464
0.0217889356869145,0.2490486745229364,0.0,-0.02506277858754,0.3482675958929591,1021.2628582343774
0.0217889356869145,0.2490486745229364,0.0749999999999999,-0.0262251632448437,0.3395353129660216,1021.223785239115
0.0217889356869145,0.2490486745229364,0.15,-0.0256334092379477,0.320529688693772,1021.1822099108008
1.5308084989341918e-17,0.25,-0.15,-0.033151815704304,0.368096025448227,1021.3225314288728
1.5308084989341918e-17,0.25,-0.075,-0.037014258013477,0.3556180260994333,1021.2934376613092
1.5308084989341918e-17,0.25,0.0,-0.0391585079908815,0.3494755243387483,1021.2628985016652
1.5308084989341918e-17,0.25,0.0749999999999999,-0.0397406662805401,0.3413889885334001,1021.223253570828
1.5308084989341918e-17,0.25,0.15,-0.0389082293289054,0.3217846629020975,1021.1809867865264
-0.0217889356869145,0.2490486745229364,-0.15,-0.0493970237200138,0.3745446669390667,1021.3249490983828
-0.0217889356869145,0.2490486745229364,-0.075,-0.0528880876276577,0.3606395912805011,1021.2947994773668
-0.0217889356869145,0.2490486745229364,0.0,-0.0539052445535594,0.3528216063416974,1021.2636560396344
-0.0217889356869145,0.2490486745229364,0.0749999999999999,-0.0543043280027162,0.342459503421534,1021.2237184531832
-0.0217889356869145,0.2490486745229364,0.15,-0.0529624251220912,0.3218790999379198,1021.1813629043072
-0.0434120444167325,0.246201938253052,-0.15,-0.064879496595753,0.378650553542052,1021.3283418461868
-0.0434120444167325,0.246201938253052,-0.075,-0.0695065176880147,0.363875347544077,1021.2976121101888
-0.0434120444167325,0.246201938253052,0.0,-0.0714112917984965,0.3528440056718518,1021.2646551916504
-0.0434120444167325,0.246201938253052,0.0749999999999999,-0.0673901468015683,0.3449953192091627,1021.2256750123976
-0.0434120444167325,0.246201938253052,0.15,-0.066508178181745,0.3231000247833981,1021.1832835957456
-0.0647047612756301,0.241481456572267,-0.15,-0.080434990239186,0.3829078929270579,1021.33256828043
-0.0647047612756301,0.241481456572267,-0.075,-0.0847552948596089,0.367333880031694,1021.3012738730137
-0.0647047612756301,0.241481456572267,0.0,-0.083329297338583,0.3570615866011068,1021.2684141509516
-0.0647047612756301,0.241481456572267,0.0749999999999999,-0.0805637303086927,0.3466404334934603,1021.22842360077
-0.0647047612756301,0.241481456572267,0.15,-0.0795842138695036,0.3243795628721152,1021.1853173662232
-0.0855050358314171,0.2349231551964771,-0.15,-0.0951426361254062,0.3867434693031301,1021.3371303051516
-0.0855050358314171,0.2349231551964771,-0.075,-0.0994038509179903,0.371071392388126,1021.3060094337856
-0.0855050358314171,0.2349231551964771,0.0,-0.1030065857135193,0.3564870571694248,1021.2730849690583
-0.0855050358314171,0.2349231551964771,0.0749999999999999,-0.0939406690730777,0.3502671653158021,1021.2322853220488
-0.0855050358314171,0.2349231551964771,0.15,-0.0926654871386261,0.3269889486020233,1021.1892087748996
-0.1056545654351748,0.2265769467591625,-0.15,-0.1090801528668455,0.3926539322279717,1021.343773377913
-0.1056545654351748,0.2265769467591625,-0.075,-0.1125980904171968,0.3759643111590811,1021.3114092592208
-0.1056545654351748,0.2265769467591625,0.0,-0.1108708776307742,0.3659010632858929,1021.278916175979
-0.1056545654351748,0.2265769467591625,0.0749999999999999,-0.1072353302992269,0.3533847591098734,1021.2380996011138
-0.1056545654351748,0.2265769467591625,0.15,-0.1059380012818334,0.3298559794879411,1021.1934994628546
-0.1249999999999999,0.2165063509461096,-0.15,-0.1222326904449768,0.397381197560647,1021.3495712763907
-0.1249999999999999,0.2165063509461096,-0.075,-0.1254223784923233,0.3810700807264866,1021.3177033324658
-0.1249999999999999,0.2165063509461096,0.0,-0.1225513245825975,0.3679015727361337,1021.2853163268232
-0.1249999999999999,0.2165063509461096,0.0749999999999999,-0.1190170733617982,0.3562885308762104,1021.2442140685196
-0.1249999999999999,0.2165063509461096,0.15,-0.1181832576281234,0.3321638740934935,1021.1992639332856
-0.1433941090877614,0.204788011072248,-0.15,-0.1341430685955396,0.4027384980634591,1021.357077558189
-0.1433941090877614,0.204788011072248,-0.075,-0.1399336976416077,0.3864744006737059,1021.325993436626
-0.1433941090877614,0.204788011072248,0.0,-0.1359715641183201,0.3740076531535066,1021.2922985783066
-0.1433941090877614,0.204788011072248,0.0749999999999999,-0.1297644450576986,0.3594596524196999,1021.2511212567337
-0.1433941090877614,0.204788011072248,0.15,-0.1289680555833301,0.3326536540267356,1021.2052317074804
-0.1606969024216348,0.1915111107797445,-0.15,-0.1454611644137537,0.4066778704921722,1021.364565704179
-0.1606969024216348,0.1915111107797445,-0.075,-0.1493607374224041,0.3911553749400789,1021.3336037895032
-0.1606969024216348,0.1915111107797445,0.0,-0.1454254642007915,0.3799905501958696,1021.3003324109318
-0.1606969024216348,0.1915111107797445,0.0749999999999999,-0.1414305621391086,0.3633370046700422,1021.2586213969732
-0.1606969024216348,0.1915111107797445,0.15,-0.1411072010727155,0.3384059813820086,1021.212831360404
-0.1767766952966368,0.1767766952966369,-0.15,-0.154631144960388,0.4123269965872317,1021.373408782357
-0.1767766952966368,0.1767766952966369,-0.075,-0.1604240564668868,0.3963691726639358,1021.3420237415852
-0.1767766952966368,0.1767766952966369,0.0,-0.1556173935311374,0.3845019875872472,1021.3083681582586
-0.1767766952966368,0.1767766952966369,0.0749999999999999,-0.1503128398771818,0.3675987655778605,1021.266624093911
-0.1767766952966368,0.1767766952966369,0.15,-0.1510885141625454,0.3419292871489029,1021.2207623358888
-0.1915111107797444,0.1606969024216348,-0.15,-0.1612630331812202,0.4167517443057205,1021.3819715419504
-0.1915111107797444,0.1606969024216348,-0.075,-0.1689987550661998,0.4018825277183663,1021.3507012287232
-0.1915111107797444,0.1606969024216348,0.0,-0.1643417800745847,0.3892674223265521,1021.3171190564696
-0.1915111107797444,0.1606969024216348,0.0749999999999999,-0.1596704396748288,0.3712415007397963,1021.2750706478872
-0.1915111107797444,0.1606969024216348,0.15,-0.1611289686950645,0.3465142957310326,1021.2288951938872
-0.2047880110722479,0.1433941090877616,-0.15,-0.1688883720282359,0.4215147433983544,1021.3904728999204
-0.2047880110722479,0.1433941090877616,-0.075,-0.1765104048016788,0.4070988564490553,1021.3600678848755
-0.2047880110722479,0.1433941090877616,0.0,-0.1718977676052649,0.3922793761114673,1021.3260319919136
-0.2047880110722479,0.1433941090877616,0.0749999999999999,-0.1675939025951286,0.3756548162657042,1021.2837140983168
-0.2047880110722479,0.1433941090877616,0.15,-0.1701132667387246,0.3508232761924669,1021.2368069677374
-0.2165063509461096,0.1249999999999999,-0.15,-0.1744546375809508,0.4260319102380759,1021.3997918126267
-0.2165063509461096,0.1249999999999999,-0.075,-0.1816022957335994,0.4129247658959014,1021.3690597368396
-0.2165063509461096,0.1249999999999999,0.0,-0.1808969285629788,0.3990102375935239,1021.3353148355696
-0.2165063509461096,0.1249999999999999,0.0749999999999999,-0.1746037814910609,0.3800631315912094,1021.2921819170916
-0.2165063509461096,0.1249999999999999,0.15,-0.1771174587687529,0.355034492913053,1021.2445938980504
-0.2265769467591624,0.1056545654351748,-0.15,-0.1789809187443443,0.4303462792921645,1021.4089008534038
-0.2265769467591624,0.1056545654351748,-0.075,-0.1879377681445722,0.4169248292015867,1021.3784845726746
-0.2265769467591624,0.1056545654351748,0.0,-0.184585717488706,0.4028952504673376,1021.3443667727456
-0.2265769467591624,0.1056545654351748,0.0749999999999999,-0.1795395422425413,0.3847024722069692,1021.30093700718
-0.2265769467591624,0.1056545654351748,0.15,-0.1830920460625962,0.3594208568712529,1021.2525790567868
-0.234923155196477,0.0855050358314172,-0.15,-0.1811815409414661,0.4355651130814744,1021.416841247472
-0.234923155196477,0.0855050358314172,-0.075,-0.1909129990365121,0.4217558280065601,1021.3868492317554
-0.234923155196477,0.0855050358314172,0.0,-0.1909294698250617,0.4035005834599771,1021.3526069902254
-0.234923155196477,0.0855050358314172,0.0749999999999999,-0.1836739269777547,0.3890386450094315,1021.3091050264312
-0.234923155196477,0.0855050358314172,0.15,-0.1880920567127202,0.3634917277187894,1021.2602921404692
-0.241481456572267,0.0647047612756302,-0.15,-0.1825572942286273,0.4404331414648484,1021.4239131227318
-0.241481456572267,0.0647047612756302,-0.075,-0.1919438665322756,0.4278657212244698,1021.3954718678912
-0.241481456572267,0.0647047612756302,0.0,-0.1870689033247007,0.4156353680316592,1021.3620830860302
-0.241481456572267,0.0647047612756302,0.0749999999999999,-0.1868212539712157,0.3936872300804127,1021.3175703746314
-0.241481456572267,0.0647047612756302,0.15,-0.1924697565312564,0.3676664564680417,1021.2672487514908
-0.246201938253052,0.0434120444167326,-0.15,-0.1835620098278881,0.4458665870981959,1021.4313804975792
-0.246201938253052,0.0434120444167326,-0.075,-0.1945129441368551,0.4337175691854662,1021.4032457095597
-0.246201938253052,0.0434120444167326,0.0,-0.1898940350267759,0.4184227535385035,1021.3686947854908
-0.246201938253052,0.0434120444167326,0.0749999999999999,-0.1888166125613132,0.3982409843440468,1021.3243850825604
-0.246201938253052,0.0434120444167326,0.15,-0.19527239838092,0.371836131974108,1021.2745543340924
-0.2490486745229364,0.0217889356869145,-0.15,-0.181887019050757,0.4517991664044783,1021.4391561819954
-0.2490486745229364,0.0217889356869145,-0.075,-0.1927613602079675,0.4390783078888298,1021.4110186304453
-0.2490486745229364,0.0217889356869145,0.0,-0.19161386616361,0.4223248368369969,1021.3761970874664
-0.2490486745229364,0.0217889356869145,0.0749999999999999,-0.1889029114347105,0.4021124349910038,1021.3317839897818
-0.2490486745229364,0.0217889356869145,0.15,-0.1970292158613121,0.3761525742439153,1021.2817476503956
-0.25,3.061616997868383e-17,-0.15,-0.179935661157181,0.4551660790246214,1021.4442293226546
-0.25,3.061616997868383e-17,-0.075,-0.1905263054468402,0.4440354916038957,1021.4170876719006
-0.25,3.061616997868383e-17,0.0,-0.1904330723878592,0.4269327663852209,1021.382469903771
-0.25,3.061616997868383e-17,0.0749999999999999,-0.1884966779090393,0.4063071138182302,1021.3381286211328
-0.25,3.061616997868383e-17,0.15,-0.2011061656067583,0.3778257996929103,1021.2872399287012
-0.2490486745229364,-0.0217889356869144,-0.15,-0.1736134698432316,0.4598570242462427,1021.4504124473984
-0.2490486745229364,-0.0217889356869144,-0.075,-0.1874865207953183,0.4485619710940873,1021.4225015809404
-0.2490486745229364,-0.0217889356869144,0.0,-0.1878137858506377,0.4319305688257735,1021.3879451678592
-0.2490486745229364,-0.0217889356869144,0.0749999999999999,-0.1860713905755758,0.4106372422264542,1021.3433440748332
-0.2490486745229364,-0.0217889356869144,0.15,-0.1951499286614975,0.3858537866277698,1021.2930602199748
-0.246201938253052,-0.0434120444167325,-0.15,-0.1684459281939212,0.4645891110894411,1021.4541340312264
-0.246201938253052,-0.0434120444167325,-0.075,-0.1827411913904431,0.4537064934374615,1021.426282833498
-0.246201938253052,-0.0434120444167325,0.0,-0.1847314885606329,0.4371318051445406,1021.392400821509
-0.246201938253052,-0.0434120444167325,0.0749999999999999,-0.1827558643031755,0.4131229596213872,1021.3478477039216
-0.246201938253052,-0.0434120444167325,0.15,-0.1924076264682418,0.3889235726347316,1021.2970374766984
-0.241481456572267,-0.0647047612756302,-0.15,-0.1626368813824519,0.4680049336569801,1021.4579752899516
-0.241481456572267,-0.0647047612756302,-0.075,-0.1770657447259956,0.4577444643787705,1021.429288081795
-0.241481456572267,-0.0647047612756302,0.0,-0.1789018377224551,0.4401993479264057,1021.3955003629434
-0.241481456572267,-0.0647047612756302,0.0749999999999999,-0.1799188730662162,0.4175422559193615,1021.3515289222612
-0.241481456572267,-0.0647047612756302,0.15,-0.1888098435079433,0.3938554558081698,1021.301357015138
-0.2349231551964771,-0.0855050358314171,-0.15,-0.1549514648662936,0.4719211837690686,1021.460205756056
-0.2349231551964771,-0.0855050358314171,-0.075,-0.1697993837506542,0.4618808173125806,1021.4313495182672
-0.2349231551964771,-0.0855050358314171,0.0,-0.1760984457831832,0.4511157142770056,1021.3977303350052
-0.2349231551964771,-0.0855050358314171,0.0749999999999999,-0.1737412107304214,0.4214138111740961,1021.3534196333782
-0.2349231551964771,-0.0855050358314171,0.15,-0.1839256636896428,0.3984383910797163,1021.3052610826868
-0.2265769467591625,-0.1056545654351748,-0.15,-0.1463925128784574,0.475726782883635,1021.4609530982224
-0.2265769467591625,-0.1056545654351748,-0.075,-0.161415393480671,0.4661425940430469,1021.4325032775369
-0.2265769467591625,-0.1056545654351748,0.0,-0.1640829261230574,0.4485470861254532,1021.3985464044684
-0.2265769467591625,-0.1056545654351748,0.0749999999999999,-0.1669200206175762,0.4260442827017401,1021.3549776055744
-0.2265769467591625,-0.1056545654351748,0.15,-0.1780784642126467,0.4036143136466193,1021.307799631945
-0.2165063509461097,-0.1249999999999999,-0.15,-0.1371413034979386,0.4795225919834505,1021.460249317032
-0.2165063509461097,-0.1249999999999999,-0.075,-0.1514777170969443,0.4692782850855878,1021.4319894822354
-0.2165063509461097,-0.1249999999999999,0.0,-0.1553307396408406,0.4539125443100632,1021.398518546282
-0.2165063509461097,-0.1249999999999999,0.0749999999999999,-0.1615605360890361,0.4312139060928578,1021.3554012187524
-0.2165063509461097,-0.1249999999999999,0.15,-0.1722858567913492,0.4082484076122888,1021.3088065072668
-0.204788011072248,-0.1433941090877614,-0.15,-0.1245403242933978,0.4838499814440945,1021.4585993048702
-0.204788011072248,-0.1433941090877614,-0.075,-0.1410065679067894,0.4739413287488591,1021.4306393878084
-0.204788011072248,-0.1433941090877614,0.0,-0.1484501643073577,0.456489477203514,1021.3976319797569
-0.204788011072248,-0.1433941090877614,0.0749999999999999,-0.1512280008789229,0.4340751614270953,1021.3551188315016
-0.204788011072248,-0.1433941090877614,0.15,-0.1642775473382379,0.4140599905898693,1021.3091981275478
-0.1915111107797445,-0.1606969024216348,-0.15,-0.1137423858310926,0.486272575826567,1021.4559593219624
-0.1915111107797445,-0.1606969024216348,-0.075,-0.1310291269530995,0.4771576821083049,1021.4282902335314
-0.1915111107797445,-0.1606969024216348,0.0,-0.1362898471959395,0.4594013766667572,1021.3957040556788
-0.1915111107797445,-0.1606969024216348,0.0749999999999999,-0.1418904666986154,0.4391438169461789,1021.3543387154488
-0.1915111107797445,-0.1606969024216348,0.15,-0.1555713493778165,0.418927108072035,1021.3090142864336
-0.1767766952966369,-0.1767766952966368,-0.15,-0.1015072952014665,0.4887363065370484,1021.4521995785088
-0.1767766952966369,-0.1767766952966368,-0.075,-0.1200567081912117,0.4808096637298085,1021.4247320187262
-0.1767766952966369,-0.1767766952966368,0.0,-0.124854874743656,0.4619329764618029,1021.3927241749312
-0.1767766952966369,-0.1767766952966368,0.0749999999999999,-0.1319460907631949,0.4419627048351577,1021.3519161001738
-0.1767766952966369,-0.1767766952966368,0.15,-0.1454307246656434,0.4235579341642349,1021.3071067085853
-0.1606969024216348,-0.1915111107797444,-0.15,-0.0881420215185812,0.4915524471420043,1021.4471185047038
-0.1606969024216348,-0.1915111107797444,-0.075,-0.1055224695497402,0.4840863681453868,1021.4205301040952
-0.1606969024216348,-0.1915111107797444,0.0,-0.1122753428887381,0.4667371861391646,1021.389627092638
-0.1606969024216348,-0.1915111107797444,0.0749999999999999,-0.1217286311645674,0.446381044681385,1021.3485949282338
-0.1606969024216348,-0.1915111107797444,0.15,-0.1340480495080495,0.4279587981487816,1021.3045249972143
-0.1433941090877616,-0.2047880110722479,-0.15,-0.0742514731106535,0.4933754360544945,1021.441759677826
-0.1433941090877616,-0.2047880110722479,-0.075,-0.0929744881150976,0.486812009670184,1021.4153908418398
-0.1433941090877616,-0.2047880110722479,0.0,-0.1016908764709349,0.4713879581173675,1021.3848595961124
-0.1433941090877616,-0.2047880110722479,0.0749999999999999,-0.1099945011218605,0.4500441779775553,1021.3449807926168
-0.1433941090877616,-0.2047880110722479,0.15,-0.1225351965941569,0.4349122826735073,1021.30136339764
-0.1250000000000001,-0.2165063509461096,-0.15,-0.0588633319213033,0.495099886361712,1021.435169695988
-0.1250000000000001,-0.2165063509461096,-0.075,-0.0772203029226794,0.4889754780673832,1021.4094919514814
-0.1250000000000001,-0.2165063509461096,0.0,-0.0885677781832593,0.473158876124504,1021.3799812556337
-0.1250000000000001,-0.2165063509461096,0.0749999999999999,-0.0993598641234527,0.4524259791540369,1021.3406397050576
-0.1250000000000001,-0.2165063509461096,0.15,-0.1118051145272369,0.4369981665261198,1021.2983097929344
-0.1056545654351749,-0.2265769467591624,-0.15,-0.0435710845146932,0.4969769042233749,1021.4285561498934
-0.1056545654351749,-0.2265769467591624,-0.075,-0.0622290663732377,0.4921555416922542,1021.403081366007
-0.1056545654351749,-0.2265769467591624,0.0,-0.07519726407982,0.4757964256730511,1021.3743334646738
-0.1056545654351749,-0.2265769467591624,0.0749999999999999,-0.0864254717389425,0.45513546328664,1021.3360217335958
-0.1056545654351749,-0.2265769467591624,0.15,-0.0994429486185614,0.4406453142154332,1021.2947683062944
-0.0855050358314173,-0.234923155196477,-0.15,-0.0273837782177442,0.4978678375852498,1021.4213369826984
-0.0855050358314173,-0.234923155196477,-0.075,-0.0476118154064016,0.4932288799354808,1021.3962179140452
-0.0855050358314173,-0.234923155196477,0.0,-0.0675053068670449,0.4798474998724306,1021.3674900259738
-0.0855050358314173,-0.234923155196477,0.0749999999999999,-0.072923152970707,0.4572473454198839,1021.3306644371756
-0.0855050358314173,-0.234923155196477,0.15,-0.0872665136726725,0.4438753995359543,1021.2906213793036
-0.0647047612756301,-0.241481456572267,-0.15,-0.011177193303564,0.4981393864016811,1021.4140659863114
-0.0647047612756301,-0.241481456572267,-0.075,-0.0317830221771966,0.4932794946711011,1021.3896861289096
-0.0647047612756301,-0.241481456572267,0.0,-0.0422072942605891,0.474939256161262,1021.3628617750898
-0.0647047612756301,-0.241481456572267,0.0749999999999999,-0.0592740811906117,0.4595763781154623,1021.3252213916584
-0.0647047612756301,-0.241481456572267,0.15,-0.0740335918828767,0.4471512642113899,1021.2866099078586
-0.0434120444167325,-0.246201938253052,-0.15,0.0063489353201893,0.4976153071967289,1021.4066284939804
-0.0434120444167325,-0.246201938253052,-0.075,-0.0155153581701651,0.4944300046813786,1021.3830617279268
-0.0434120444167325,-0.246201938253052,0.0,-0.0316982313363935,0.4792579517226816,1021.3569168720614
-0.0434120444167325,-0.246201938253052,0.0749999999999999,-0.0456000114125234,0.4616452981467247,1021.3205602040368
-0.0434120444167325,-0.246201938253052,0.15,-0.0604511949870561,0.4494786053979856,1021.2826109813836
-0.0217889356869145,-0.2490486745229364,-0.15,0.0226980235656162,0.4967660636367046,1021.398755696938
-0.0217889356869145,-0.2490486745229364,-0.075,0.0012781049405227,0.4937379478555663,1021.3768557043212
-0.0217889356869145,-0.2490486745229364,0.0,-0.0166274599273535,0.4799986746333466,1021.3510824065258
-0.0217889356869145,-0.2490486745229364,0.0749999999999999,-0.0324333315358521,0.4626172030178535,1021.3157851091968
-0.0217889356869145,-0.2490486745229364,0.15,-0.0470040202350354,0.450170983078163,1021.2776002496856
-4.5924254968025736e-17,-0.25,-0.15,0.0389218933071793,0.495463172766087,1021.3928371437304
-4.5924254968025736e-17,-0.25,-0.075,0.0175676810809799,0.4936769777060578,1021.3708785632851
-4.5924254968025736e-17,-0.25,0.0,-0.0015851418666933,0.4788055538937664,1021.3460789282304
-4.5924254968025736e-17,-0.25,0.0749999999999999,-0.0186418759194922,0.4620693210175097,1021.3117761084152
-4.5924254968025736e-17,-0.25,0.15,-0.0337034466839272,0.4504600257176497,1021.273981101706
0.0217889356869144,-0.2490486745229364,-0.15,0.0565051074749798,0.492636963585765,1021.3857062291348
0.0217889356869144,-0.2490486745229364,-0.075,0.0340321323006339,0.4909292421118801,1021.3651139845864
0.0217889356869144,-0.2490486745229364,0.0,0.0151325065299839,0.4784695196231608,1021.3405887490126
0.0217889356869144,-0.2490486745229364,0.0749999999999999,-0.0016146659337719,0.4623223779966697,1021.3064796210892
0.0217889356869144,-0.2490486745229364,0.15,-0.0170796382738676,0.4510616410853877,1021.2694230834776
0.0434120444167324,-0.246201938253052,-0.15,0.0736425902704306,0.4893257599179081,1021.3807300181855
0.0434120444167324,-0.246201938253052,-0.075,0.0496827359372998,0.4887764374761397,1021.3597658662592
0.0434120444167324,-0.246201938253052,0.0,0.0315215296771644,0.4761590187517756,1021.3361043337668
0.0434120444167324,-0.246201938253052,0.0749999999999999,0.015746256567426,0.4610109195891481,1021.3021113486224
0.0434120444167324,-0.246201938253052,0.15,-0.0008849851669386,0.4512114621226692,1021.2664063118004
0.06470476127563,-0.2414814565722671,-0.15,0.0889672882960703,0.485629550411691,1021.3757155482252
0.06470476127563,-0.2414814565722671,-0.075,0.0652443699280366,0.4847114586246379,1021.3552075958728
0.06470476127563,-0.2414814565722671,0.0,0.0518769485469454,0.4701918479159644,1021.3320764230716
0.06470476127563,-0.2414814565722671,0.0749999999999999,0.032022578695591,0.4585153763769783,1021.297950129959
0.06470476127563,-0.2414814565722671,0.15,0.0146141431608755,0.449631622273289,1021.2626739905696
0.085505035831417,-0.2349231551964771,-0.15,0.1046710609932795,0.4810551798194026,1021.3711205050532
0.085505035831417,-0.2349231551964771,-0.075,0.080335541203534,0.4816488113179088,1021.3511047374813
0.085505035831417,-0.2349231551964771,0.0,0.056562960633582,0.4733400192070302,1021.3272422748648
0.085505035831417,-0.2349231551964771,0.0749999999999999,0.0474703039642755,0.4556351518584861,1021.2950440343044
0.085505035831417,-0.2349231551964771,0.15,0.0296342355575942,0.4469668231970581,1021.259390942848
0.1056545654351747,-0.2265769467591625,-0.15,0.1191642009333864,0.4757643726268926,1021.3672369719418
0.1056545654351747,-0.2265769467591625,-0.075,0.0954492432037954,0.4774456658760294,1021.3480472198052
0.1056545654351747,-0.2265769467591625,0.0,0.0777039434031379,0.4673916754687836,1021.3252877428092
0.1056545654351747,-0.2265769467591625,0.0749999999999999,0.0619489715559441,0.45281684763204,1021.2926680228072
0.1056545654351747,-0.2265769467591625,0.15,0.0446279328127901,0.4441759901734488,1021.2568114281668
0.125,-0.2165063509461096,-0.15,0.1330522425870839,0.4693858670881126,1021.3636734987916
0.125,-0.2165063509461096,-0.075,0.1087389512833296,0.4710072580948486,1021.345401793144
0.125,-0.2165063509461096,0.0,0.0917628577913614,0.4627029755711103,1021.3229423912002
0.125,-0.2165063509461096,0.0749999999999999,0.0756352885899891,0.4492234131909265,1021.2902982489234
0.125,-0.2165063509461096,0.15,0.0581159686375864,0.4407686966658052,1021.2543138540616
0.1433941090877615,-0.2047880110722479,-0.15,0.1450970852508495,0.4630653702748824,1021.3611559994546
0.1433941090877615,-0.2047880110722479,-0.075,0.1195771451398089,0.4654571735152398,1021.3432432867676
0.1433941090877615,-0.2047880110722479,0.0,0.1044350795746082,0.4587207536481673,1021.3207560936056
0.1433941090877615,-0.2047880110722479,0.0749999999999999,0.0900378797444462,0.4457676055343514,1021.2885110932896
0.1433941090877615,-0.2047880110722479,0.15,0.0716998377870887,0.4387047921128297,1021.2521202485916
0.1606969024216348,-0.1915111107797445,-0.15,0.156670844942437,0.4565712696473877,1021.3585991297358
0.1606969024216348,-0.1915111107797445,-0.075,0.1317194174985637,0.4592287313731421,1021.3414368013796
0.1606969024216348,-0.1915111107797445,0.0,0.1178055072652626,0.451703429047472,1021.3194915434252
0.1606969024216348,-0.1915111107797445,0.0749999999999999,0.1015579063883097,0.4408383876785519,1021.2869519087347
0.1606969024216348,-0.1915111107797445,0.15,0.0827713596920373,0.4315467460842043,1021.2509135354096
0.1767766952966368,-0.1767766952966369,-0.15,0.1666075100454006,0.4490410534965126,1021.3570541782802
0.1767766952966368,-0.1767766952966369,-0.075,0.139786530068206,0.4523571347711896,1021.3398943828414
0.1767766952966368,-0.1767766952966369,0.0,0.1271600886244385,0.4443936956507445,1021.3176711325956
0.1767766952966368,-0.1767766952966369,0.0749999999999999,0.1126371506728727,0.4349705759936625,1021.2861291622048
0.1767766952966368,-0.1767766952966369,0.15,0.0920746682852344,0.4267161416310391,1021.250073146182
0.1915111107797444,-0.1606969024216349,-0.15,0.1753470817707823,0.4418645203370737,1021.3555488218784
0.1915111107797444,-0.1606969024216349,-0.075,0.1491675695188904,0.4450538478148746,1021.3389739842518
0.1915111107797444,-0.1606969024216349,0.0,0.1354849704053357,0.4392448851193846,1021.3169058025924
0.1915111107797444,-0.1606969024216349,0.0749999999999999,0.1218836900975787,0.4305379194866849,1021.2854887729796
0.1915111107797444,-0.1606969024216349,0.15,0.1005781049648276,0.4214415254436625,1021.2495504799432
0.2047880110722479,-0.1433941090877616,-0.15,0.1830606658690456,0.4347856761909835,1021.3543275566705
0.2047880110722479,-0.1433941090877616,-0.075,0.1571646613536217,0.4381760380394053,1021.3381474514516
0.2047880110722479,-0.1433941090877616,0.0,0.1407837455622942,0.4336414694541451,1021.3162927108472
0.2047880110722479,-0.1433941090877616,0.0749999999999999,0.1295090308532064,0.4237198739938471,1021.2843138172937
0.2047880110722479,-0.1433941090877616,0.15,0.1083557876296316,0.4157367448576117,1021.2483184360626
0.2165063509461096,-0.1250000000000001,-0.15,0.1864007343756818,0.4259232669948497,1021.3535337498188
0.2165063509461096,-0.1250000000000001,-0.075,0.1621854664071855,0.4298967132844301,1021.33763390286
0.2165063509461096,-0.1250000000000001,0.0,0.1489613421027881,0.4283448036547164,1021.3158475910976
0.2165063509461096,-0.1250000000000001,0.0749999999999999,0.1338144908406981,0.4190106084967009,1021.2837506555336
0.2165063509461096,-0.1250000000000001,0.15,0.1145774914336868,0.4089217229407254,1021.2475237405188
0.2265769467591624,-0.105654565435175,-0.15,0.1904394443116238,0.417785643036707,1021.353195103568
0.2265769467591624,-0.105654565435175,-0.075,0.1651790285065754,0.4232523620776178,1021.337576868885
0.2265769467591624,-0.105654565435175,0.0,0.152790721513245,0.4202844058822492,1021.3157311915392
0.2265769467591624,-0.105654565435175,0.0749999999999999,0.1406948224882239,0.4119380581464258,1021.283566917042
0.2265769467591624,-0.105654565435175,0.15,0.1206900494451854,0.4031529724367115,1021.2471007324472
0.234923155196477,-0.0855050358314173,-0.15,0.1924644941973103,0.4099081703151451,1021.3527616223512
0.234923155196477,-0.0855050358314173,-0.075,0.167112087911163,0.4156567776889421,1021.3370980486274
0.234923155196477,-0.0855050358314173,0.0,0.1508280689660376,0.4202406928821074,1021.31590986499
0.234923155196477,-0.0855050358314173,0.0749999999999999,0.1436646095920305,0.4053982319352004,1021.2832849334932
0.234923155196477,-0.0855050358314173,0.15,0.1243739786131729,0.3967504898172095,1021.2460832512088
0.241481456572267,-0.0647047612756301,-0.15,0.192631326029521,0.4022684943983576,1021.3521285313476
0.241481456572267,-0.0647047612756301,-0.075,0.1675227351602705,0.4084307733455303,1021.3368838161192
0.241481456572267,-0.0647047612756301,0.0,0.1555231789376071,0.4068547505138641,1021.3157399913288
0.241481456572267,-0.0647047612756301,0.0749999999999999,0.1448037833848816,0.3996620172801912,1021.2836330584406
0.241481456572267,-0.0647047612756301,0.15,0.1266221051579412,0.3908912907682648,1021.244565027348
0.246201938253052,-0.0434120444167326,-0.15,0.1919306794793422,0.3955566822593047,1021.3510699528372
0.246201938253052,-0.0434120444167326,-0.075,0.1668712583183265,0.4016172391824097,1021.3368002557914
0.246201938253052,-0.0434120444167326,0.0,0.1546240822045057,0.4015213407704986,1021.315669153276
0.246201938253052,-0.0434120444167326,0.0749999999999999,0.1467956026945708,0.3934748040006035,1021.2830583332002
0.246201938253052,-0.0434120444167326,0.15,0.1277438685991984,0.384676704990009,1021.2434029456584
0.2490486745229364,-0.0217889356869145,-0.15,0.1891355458881771,0.3880323144110837,1021.3511957475798
0.2490486745229364,-0.0217889356869145,-0.075,0.1645027501099454,0.3940789580555798,1021.3368960821936
0.2490486745229364,-0.0217889356869145,0.0,0.1539087505449011,0.3943171778326249,1021.3150938313746
0.2490486745229364,-0.0217889356869145,0.0749999999999999,0.1458240839931354,0.3893687459205978,1021.2824145209612
0.2490486745229364,-0.0217889356869145,0.15,0.1273107892874895,0.3803603196909011,1021.2432435307904
